Date,Year,Month,Month_Name,Quarter,Day_of_Week,Day_Number,Week_Number,YearMonth,YearQuarter,Year_Index,Season_Label,Is_Peak_Season,Is_Low_Season,Is_Current_Year,YoY_Label
2022-01-01,2022,1,January,1,Saturday,1,52,2022-01,2022-Q1,1,Low,0,1,0,2022
2022-01-02,2022,1,January,1,Sunday,2,52,2022-01,2022-Q1,1,Low,0,1,0,2022
2022-01-03,2022,1,January,1,Monday,3,1,2022-01,2022-Q1,1,Low,0,1,0,2022
2022-01-04,2022,1,January,1,Tuesday,4,1,2022-01,2022-Q1,1,Low,0,1,0,2022
2022-01-05,2022,1,January,1,Wednesday,5,1,2022-01,2022-Q1,1,Low,0,1,0,2022
2022-01-06,2022,1,January,1,Thursday,6,1,2022-01,2022-Q1,1,Low,0,1,0,2022
2022-01-07,2022,1,January,1,Friday,7,1,2022-01,2022-Q1,1,Low,0,1,0,2022
2022-01-08,2022,1,January,1,Saturday,8,1,2022-01,2022-Q1,1,Low,0,1,0,2022
2022-01-09,2022,1,January,1,Sunday,9,1,2022-01,2022-Q1,1,Low,0,1,0,2022
2022-01-10,2022,1,January,1,Monday,10,2,2022-01,2022-Q1,1,Low,0,1,0,2022
2022-01-11,2022,1,January,1,Tuesday,11,2,2022-01,2022-Q1,1,Low,0,1,0,2022
2022-01-12,2022,1,January,1,Wednesday,12,2,2022-01,2022-Q1,1,Low,0,1,0,2022
2022-01-13,2022,1,January,1,Thursday,13,2,2022-01,2022-Q1,1,Low,0,1,0,2022
2022-01-14,2022,1,January,1,Friday,14,2,2022-01,2022-Q1,1,Low,0,1,0,2022
2022-01-15,2022,1,January,1,Saturday,15,2,2022-01,2022-Q1,1,Low,0,1,0,2022
2022-01-16,2022,1,January,1,Sunday,16,2,2022-01,2022-Q1,1,Low,0,1,0,2022
2022-01-17,2022,1,January,1,Monday,17,3,2022-01,2022-Q1,1,Low,0,1,0,2022
2022-01-18,2022,1,January,1,Tuesday,18,3,2022-01,2022-Q1,1,Low,0,1,0,2022
2022-01-19,2022,1,January,1,Wednesday,19,3,2022-01,2022-Q1,1,Low,0,1,0,2022
2022-01-20,2022,1,January,1,Thursday,20,3,2022-01,2022-Q1,1,Low,0,1,0,2022
2022-01-21,2022,1,January,1,Friday,21,3,2022-01,2022-Q1,1,Low,0,1,0,2022
2022-01-22,2022,1,January,1,Saturday,22,3,2022-01,2022-Q1,1,Low,0,1,0,2022
2022-01-23,2022,1,January,1,Sunday,23,3,2022-01,2022-Q1,1,Low,0,1,0,2022
2022-01-24,2022,1,January,1,Monday,24,4,2022-01,2022-Q1,1,Low,0,1,0,2022
2022-01-25,2022,1,January,1,Tuesday,25,4,2022-01,2022-Q1,1,Low,0,1,0,2022
2022-01-26,2022,1,January,1,Wednesday,26,4,2022-01,2022-Q1,1,Low,0,1,0,2022
2022-01-27,2022,1,January,1,Thursday,27,4,2022-01,2022-Q1,1,Low,0,1,0,2022
2022-01-28,2022,1,January,1,Friday,28,4,2022-01,2022-Q1,1,Low,0,1,0,2022
2022-01-29,2022,1,January,1,Saturday,29,4,2022-01,2022-Q1,1,Low,0,1,0,2022
2022-01-30,2022,1,January,1,Sunday,30,4,2022-01,2022-Q1,1,Low,0,1,0,2022
2022-01-31,2022,1,January,1,Monday,31,5,2022-01,2022-Q1,1,Low,0,1,0,2022
2022-02-01,2022,2,February,1,Tuesday,1,5,2022-02,2022-Q1,1,Low,0,1,0,2022
2022-02-02,2022,2,February,1,Wednesday,2,5,2022-02,2022-Q1,1,Low,0,1,0,2022
2022-02-03,2022,2,February,1,Thursday,3,5,2022-02,2022-Q1,1,Low,0,1,0,2022
2022-02-04,2022,2,February,1,Friday,4,5,2022-02,2022-Q1,1,Low,0,1,0,2022
2022-02-05,2022,2,February,1,Saturday,5,5,2022-02,2022-Q1,1,Low,0,1,0,2022
2022-02-06,2022,2,February,1,Sunday,6,5,2022-02,2022-Q1,1,Low,0,1,0,2022
2022-02-07,2022,2,February,1,Monday,7,6,2022-02,2022-Q1,1,Low,0,1,0,2022
2022-02-08,2022,2,February,1,Tuesday,8,6,2022-02,2022-Q1,1,Low,0,1,0,2022
2022-02-09,2022,2,February,1,Wednesday,9,6,2022-02,2022-Q1,1,Low,0,1,0,2022
2022-02-10,2022,2,February,1,Thursday,10,6,2022-02,2022-Q1,1,Low,0,1,0,2022
2022-02-11,2022,2,February,1,Friday,11,6,2022-02,2022-Q1,1,Low,0,1,0,2022
2022-02-12,2022,2,February,1,Saturday,12,6,2022-02,2022-Q1,1,Low,0,1,0,2022
2022-02-13,2022,2,February,1,Sunday,13,6,2022-02,2022-Q1,1,Low,0,1,0,2022
2022-02-14,2022,2,February,1,Monday,14,7,2022-02,2022-Q1,1,Low,0,1,0,2022
2022-02-15,2022,2,February,1,Tuesday,15,7,2022-02,2022-Q1,1,Low,0,1,0,2022
2022-02-16,2022,2,February,1,Wednesday,16,7,2022-02,2022-Q1,1,Low,0,1,0,2022
2022-02-17,2022,2,February,1,Thursday,17,7,2022-02,2022-Q1,1,Low,0,1,0,2022
2022-02-18,2022,2,February,1,Friday,18,7,2022-02,2022-Q1,1,Low,0,1,0,2022
2022-02-19,2022,2,February,1,Saturday,19,7,2022-02,2022-Q1,1,Low,0,1,0,2022
2022-02-20,2022,2,February,1,Sunday,20,7,2022-02,2022-Q1,1,Low,0,1,0,2022
2022-02-21,2022,2,February,1,Monday,21,8,2022-02,2022-Q1,1,Low,0,1,0,2022
2022-02-22,2022,2,February,1,Tuesday,22,8,2022-02,2022-Q1,1,Low,0,1,0,2022
2022-02-23,2022,2,February,1,Wednesday,23,8,2022-02,2022-Q1,1,Low,0,1,0,2022
2022-02-24,2022,2,February,1,Thursday,24,8,2022-02,2022-Q1,1,Low,0,1,0,2022
2022-02-25,2022,2,February,1,Friday,25,8,2022-02,2022-Q1,1,Low,0,1,0,2022
2022-02-26,2022,2,February,1,Saturday,26,8,2022-02,2022-Q1,1,Low,0,1,0,2022
2022-02-27,2022,2,February,1,Sunday,27,8,2022-02,2022-Q1,1,Low,0,1,0,2022
2022-02-28,2022,2,February,1,Monday,28,9,2022-02,2022-Q1,1,Low,0,1,0,2022
2022-03-01,2022,3,March,1,Tuesday,1,9,2022-03,2022-Q1,1,Shoulder,0,0,0,2022
2022-03-02,2022,3,March,1,Wednesday,2,9,2022-03,2022-Q1,1,Shoulder,0,0,0,2022
2022-03-03,2022,3,March,1,Thursday,3,9,2022-03,2022-Q1,1,Shoulder,0,0,0,2022
2022-03-04,2022,3,March,1,Friday,4,9,2022-03,2022-Q1,1,Shoulder,0,0,0,2022
2022-03-05,2022,3,March,1,Saturday,5,9,2022-03,2022-Q1,1,Shoulder,0,0,0,2022
2022-03-06,2022,3,March,1,Sunday,6,9,2022-03,2022-Q1,1,Shoulder,0,0,0,2022
2022-03-07,2022,3,March,1,Monday,7,10,2022-03,2022-Q1,1,Shoulder,0,0,0,2022
2022-03-08,2022,3,March,1,Tuesday,8,10,2022-03,2022-Q1,1,Shoulder,0,0,0,2022
2022-03-09,2022,3,March,1,Wednesday,9,10,2022-03,2022-Q1,1,Shoulder,0,0,0,2022
2022-03-10,2022,3,March,1,Thursday,10,10,2022-03,2022-Q1,1,Shoulder,0,0,0,2022
2022-03-11,2022,3,March,1,Friday,11,10,2022-03,2022-Q1,1,Shoulder,0,0,0,2022
2022-03-12,2022,3,March,1,Saturday,12,10,2022-03,2022-Q1,1,Shoulder,0,0,0,2022
2022-03-13,2022,3,March,1,Sunday,13,10,2022-03,2022-Q1,1,Shoulder,0,0,0,2022
2022-03-14,2022,3,March,1,Monday,14,11,2022-03,2022-Q1,1,Shoulder,0,0,0,2022
2022-03-15,2022,3,March,1,Tuesday,15,11,2022-03,2022-Q1,1,Shoulder,0,0,0,2022
2022-03-16,2022,3,March,1,Wednesday,16,11,2022-03,2022-Q1,1,Shoulder,0,0,0,2022
2022-03-17,2022,3,March,1,Thursday,17,11,2022-03,2022-Q1,1,Shoulder,0,0,0,2022
2022-03-18,2022,3,March,1,Friday,18,11,2022-03,2022-Q1,1,Shoulder,0,0,0,2022
2022-03-19,2022,3,March,1,Saturday,19,11,2022-03,2022-Q1,1,Shoulder,0,0,0,2022
2022-03-20,2022,3,March,1,Sunday,20,11,2022-03,2022-Q1,1,Shoulder,0,0,0,2022
2022-03-21,2022,3,March,1,Monday,21,12,2022-03,2022-Q1,1,Shoulder,0,0,0,2022
2022-03-22,2022,3,March,1,Tuesday,22,12,2022-03,2022-Q1,1,Shoulder,0,0,0,2022
2022-03-23,2022,3,March,1,Wednesday,23,12,2022-03,2022-Q1,1,Shoulder,0,0,0,2022
2022-03-24,2022,3,March,1,Thursday,24,12,2022-03,2022-Q1,1,Shoulder,0,0,0,2022
2022-03-25,2022,3,March,1,Friday,25,12,2022-03,2022-Q1,1,Shoulder,0,0,0,2022
2022-03-26,2022,3,March,1,Saturday,26,12,2022-03,2022-Q1,1,Shoulder,0,0,0,2022
2022-03-27,2022,3,March,1,Sunday,27,12,2022-03,2022-Q1,1,Shoulder,0,0,0,2022
2022-03-28,2022,3,March,1,Monday,28,13,2022-03,2022-Q1,1,Shoulder,0,0,0,2022
2022-03-29,2022,3,March,1,Tuesday,29,13,2022-03,2022-Q1,1,Shoulder,0,0,0,2022
2022-03-30,2022,3,March,1,Wednesday,30,13,2022-03,2022-Q1,1,Shoulder,0,0,0,2022
2022-03-31,2022,3,March,1,Thursday,31,13,2022-03,2022-Q1,1,Shoulder,0,0,0,2022
2022-04-01,2022,4,April,2,Friday,1,13,2022-04,2022-Q2,1,Shoulder,0,0,0,2022
2022-04-02,2022,4,April,2,Saturday,2,13,2022-04,2022-Q2,1,Shoulder,0,0,0,2022
2022-04-03,2022,4,April,2,Sunday,3,13,2022-04,2022-Q2,1,Shoulder,0,0,0,2022
2022-04-04,2022,4,April,2,Monday,4,14,2022-04,2022-Q2,1,Shoulder,0,0,0,2022
2022-04-05,2022,4,April,2,Tuesday,5,14,2022-04,2022-Q2,1,Shoulder,0,0,0,2022
2022-04-06,2022,4,April,2,Wednesday,6,14,2022-04,2022-Q2,1,Shoulder,0,0,0,2022
2022-04-07,2022,4,April,2,Thursday,7,14,2022-04,2022-Q2,1,Shoulder,0,0,0,2022
2022-04-08,2022,4,April,2,Friday,8,14,2022-04,2022-Q2,1,Shoulder,0,0,0,2022
2022-04-09,2022,4,April,2,Saturday,9,14,2022-04,2022-Q2,1,Shoulder,0,0,0,2022
2022-04-10,2022,4,April,2,Sunday,10,14,2022-04,2022-Q2,1,Shoulder,0,0,0,2022
2022-04-11,2022,4,April,2,Monday,11,15,2022-04,2022-Q2,1,Shoulder,0,0,0,2022
2022-04-12,2022,4,April,2,Tuesday,12,15,2022-04,2022-Q2,1,Shoulder,0,0,0,2022
2022-04-13,2022,4,April,2,Wednesday,13,15,2022-04,2022-Q2,1,Shoulder,0,0,0,2022
2022-04-14,2022,4,April,2,Thursday,14,15,2022-04,2022-Q2,1,Shoulder,0,0,0,2022
2022-04-15,2022,4,April,2,Friday,15,15,2022-04,2022-Q2,1,Shoulder,0,0,0,2022
2022-04-16,2022,4,April,2,Saturday,16,15,2022-04,2022-Q2,1,Shoulder,0,0,0,2022
2022-04-17,2022,4,April,2,Sunday,17,15,2022-04,2022-Q2,1,Shoulder,0,0,0,2022
2022-04-18,2022,4,April,2,Monday,18,16,2022-04,2022-Q2,1,Shoulder,0,0,0,2022
2022-04-19,2022,4,April,2,Tuesday,19,16,2022-04,2022-Q2,1,Shoulder,0,0,0,2022
2022-04-20,2022,4,April,2,Wednesday,20,16,2022-04,2022-Q2,1,Shoulder,0,0,0,2022
2022-04-21,2022,4,April,2,Thursday,21,16,2022-04,2022-Q2,1,Shoulder,0,0,0,2022
2022-04-22,2022,4,April,2,Friday,22,16,2022-04,2022-Q2,1,Shoulder,0,0,0,2022
2022-04-23,2022,4,April,2,Saturday,23,16,2022-04,2022-Q2,1,Shoulder,0,0,0,2022
2022-04-24,2022,4,April,2,Sunday,24,16,2022-04,2022-Q2,1,Shoulder,0,0,0,2022
2022-04-25,2022,4,April,2,Monday,25,17,2022-04,2022-Q2,1,Shoulder,0,0,0,2022
2022-04-26,2022,4,April,2,Tuesday,26,17,2022-04,2022-Q2,1,Shoulder,0,0,0,2022
2022-04-27,2022,4,April,2,Wednesday,27,17,2022-04,2022-Q2,1,Shoulder,0,0,0,2022
2022-04-28,2022,4,April,2,Thursday,28,17,2022-04,2022-Q2,1,Shoulder,0,0,0,2022
2022-04-29,2022,4,April,2,Friday,29,17,2022-04,2022-Q2,1,Shoulder,0,0,0,2022
2022-04-30,2022,4,April,2,Saturday,30,17,2022-04,2022-Q2,1,Shoulder,0,0,0,2022
2022-05-01,2022,5,May,2,Sunday,1,17,2022-05,2022-Q2,1,Low,0,1,0,2022
2022-05-02,2022,5,May,2,Monday,2,18,2022-05,2022-Q2,1,Low,0,1,0,2022
2022-05-03,2022,5,May,2,Tuesday,3,18,2022-05,2022-Q2,1,Low,0,1,0,2022
2022-05-04,2022,5,May,2,Wednesday,4,18,2022-05,2022-Q2,1,Low,0,1,0,2022
2022-05-05,2022,5,May,2,Thursday,5,18,2022-05,2022-Q2,1,Low,0,1,0,2022
2022-05-06,2022,5,May,2,Friday,6,18,2022-05,2022-Q2,1,Low,0,1,0,2022
2022-05-07,2022,5,May,2,Saturday,7,18,2022-05,2022-Q2,1,Low,0,1,0,2022
2022-05-08,2022,5,May,2,Sunday,8,18,2022-05,2022-Q2,1,Low,0,1,0,2022
2022-05-09,2022,5,May,2,Monday,9,19,2022-05,2022-Q2,1,Low,0,1,0,2022
2022-05-10,2022,5,May,2,Tuesday,10,19,2022-05,2022-Q2,1,Low,0,1,0,2022
2022-05-11,2022,5,May,2,Wednesday,11,19,2022-05,2022-Q2,1,Low,0,1,0,2022
2022-05-12,2022,5,May,2,Thursday,12,19,2022-05,2022-Q2,1,Low,0,1,0,2022
2022-05-13,2022,5,May,2,Friday,13,19,2022-05,2022-Q2,1,Low,0,1,0,2022
2022-05-14,2022,5,May,2,Saturday,14,19,2022-05,2022-Q2,1,Low,0,1,0,2022
2022-05-15,2022,5,May,2,Sunday,15,19,2022-05,2022-Q2,1,Low,0,1,0,2022
2022-05-16,2022,5,May,2,Monday,16,20,2022-05,2022-Q2,1,Low,0,1,0,2022
2022-05-17,2022,5,May,2,Tuesday,17,20,2022-05,2022-Q2,1,Low,0,1,0,2022
2022-05-18,2022,5,May,2,Wednesday,18,20,2022-05,2022-Q2,1,Low,0,1,0,2022
2022-05-19,2022,5,May,2,Thursday,19,20,2022-05,2022-Q2,1,Low,0,1,0,2022
2022-05-20,2022,5,May,2,Friday,20,20,2022-05,2022-Q2,1,Low,0,1,0,2022
2022-05-21,2022,5,May,2,Saturday,21,20,2022-05,2022-Q2,1,Low,0,1,0,2022
2022-05-22,2022,5,May,2,Sunday,22,20,2022-05,2022-Q2,1,Low,0,1,0,2022
2022-05-23,2022,5,May,2,Monday,23,21,2022-05,2022-Q2,1,Low,0,1,0,2022
2022-05-24,2022,5,May,2,Tuesday,24,21,2022-05,2022-Q2,1,Low,0,1,0,2022
2022-05-25,2022,5,May,2,Wednesday,25,21,2022-05,2022-Q2,1,Low,0,1,0,2022
2022-05-26,2022,5,May,2,Thursday,26,21,2022-05,2022-Q2,1,Low,0,1,0,2022
2022-05-27,2022,5,May,2,Friday,27,21,2022-05,2022-Q2,1,Low,0,1,0,2022
2022-05-28,2022,5,May,2,Saturday,28,21,2022-05,2022-Q2,1,Low,0,1,0,2022
2022-05-29,2022,5,May,2,Sunday,29,21,2022-05,2022-Q2,1,Low,0,1,0,2022
2022-05-30,2022,5,May,2,Monday,30,22,2022-05,2022-Q2,1,Low,0,1,0,2022
2022-05-31,2022,5,May,2,Tuesday,31,22,2022-05,2022-Q2,1,Low,0,1,0,2022
2022-06-01,2022,6,June,2,Wednesday,1,22,2022-06,2022-Q2,1,Peak,1,0,0,2022
2022-06-02,2022,6,June,2,Thursday,2,22,2022-06,2022-Q2,1,Peak,1,0,0,2022
2022-06-03,2022,6,June,2,Friday,3,22,2022-06,2022-Q2,1,Peak,1,0,0,2022
2022-06-04,2022,6,June,2,Saturday,4,22,2022-06,2022-Q2,1,Peak,1,0,0,2022
2022-06-05,2022,6,June,2,Sunday,5,22,2022-06,2022-Q2,1,Peak,1,0,0,2022
2022-06-06,2022,6,June,2,Monday,6,23,2022-06,2022-Q2,1,Peak,1,0,0,2022
2022-06-07,2022,6,June,2,Tuesday,7,23,2022-06,2022-Q2,1,Peak,1,0,0,2022
2022-06-08,2022,6,June,2,Wednesday,8,23,2022-06,2022-Q2,1,Peak,1,0,0,2022
2022-06-09,2022,6,June,2,Thursday,9,23,2022-06,2022-Q2,1,Peak,1,0,0,2022
2022-06-10,2022,6,June,2,Friday,10,23,2022-06,2022-Q2,1,Peak,1,0,0,2022
2022-06-11,2022,6,June,2,Saturday,11,23,2022-06,2022-Q2,1,Peak,1,0,0,2022
2022-06-12,2022,6,June,2,Sunday,12,23,2022-06,2022-Q2,1,Peak,1,0,0,2022
2022-06-13,2022,6,June,2,Monday,13,24,2022-06,2022-Q2,1,Peak,1,0,0,2022
2022-06-14,2022,6,June,2,Tuesday,14,24,2022-06,2022-Q2,1,Peak,1,0,0,2022
2022-06-15,2022,6,June,2,Wednesday,15,24,2022-06,2022-Q2,1,Peak,1,0,0,2022
2022-06-16,2022,6,June,2,Thursday,16,24,2022-06,2022-Q2,1,Peak,1,0,0,2022
2022-06-17,2022,6,June,2,Friday,17,24,2022-06,2022-Q2,1,Peak,1,0,0,2022
2022-06-18,2022,6,June,2,Saturday,18,24,2022-06,2022-Q2,1,Peak,1,0,0,2022
2022-06-19,2022,6,June,2,Sunday,19,24,2022-06,2022-Q2,1,Peak,1,0,0,2022
2022-06-20,2022,6,June,2,Monday,20,25,2022-06,2022-Q2,1,Peak,1,0,0,2022
2022-06-21,2022,6,June,2,Tuesday,21,25,2022-06,2022-Q2,1,Peak,1,0,0,2022
2022-06-22,2022,6,June,2,Wednesday,22,25,2022-06,2022-Q2,1,Peak,1,0,0,2022
2022-06-23,2022,6,June,2,Thursday,23,25,2022-06,2022-Q2,1,Peak,1,0,0,2022
2022-06-24,2022,6,June,2,Friday,24,25,2022-06,2022-Q2,1,Peak,1,0,0,2022
2022-06-25,2022,6,June,2,Saturday,25,25,2022-06,2022-Q2,1,Peak,1,0,0,2022
2022-06-26,2022,6,June,2,Sunday,26,25,2022-06,2022-Q2,1,Peak,1,0,0,2022
2022-06-27,2022,6,June,2,Monday,27,26,2022-06,2022-Q2,1,Peak,1,0,0,2022
2022-06-28,2022,6,June,2,Tuesday,28,26,2022-06,2022-Q2,1,Peak,1,0,0,2022
2022-06-29,2022,6,June,2,Wednesday,29,26,2022-06,2022-Q2,1,Peak,1,0,0,2022
2022-06-30,2022,6,June,2,Thursday,30,26,2022-06,2022-Q2,1,Peak,1,0,0,2022
2022-07-01,2022,7,July,3,Friday,1,26,2022-07,2022-Q3,1,Peak,1,0,0,2022
2022-07-02,2022,7,July,3,Saturday,2,26,2022-07,2022-Q3,1,Peak,1,0,0,2022
2022-07-03,2022,7,July,3,Sunday,3,26,2022-07,2022-Q3,1,Peak,1,0,0,2022
2022-07-04,2022,7,July,3,Monday,4,27,2022-07,2022-Q3,1,Peak,1,0,0,2022
2022-07-05,2022,7,July,3,Tuesday,5,27,2022-07,2022-Q3,1,Peak,1,0,0,2022
2022-07-06,2022,7,July,3,Wednesday,6,27,2022-07,2022-Q3,1,Peak,1,0,0,2022
2022-07-07,2022,7,July,3,Thursday,7,27,2022-07,2022-Q3,1,Peak,1,0,0,2022
2022-07-08,2022,7,July,3,Friday,8,27,2022-07,2022-Q3,1,Peak,1,0,0,2022
2022-07-09,2022,7,July,3,Saturday,9,27,2022-07,2022-Q3,1,Peak,1,0,0,2022
2022-07-10,2022,7,July,3,Sunday,10,27,2022-07,2022-Q3,1,Peak,1,0,0,2022
2022-07-11,2022,7,July,3,Monday,11,28,2022-07,2022-Q3,1,Peak,1,0,0,2022
2022-07-12,2022,7,July,3,Tuesday,12,28,2022-07,2022-Q3,1,Peak,1,0,0,2022
2022-07-13,2022,7,July,3,Wednesday,13,28,2022-07,2022-Q3,1,Peak,1,0,0,2022
2022-07-14,2022,7,July,3,Thursday,14,28,2022-07,2022-Q3,1,Peak,1,0,0,2022
2022-07-15,2022,7,July,3,Friday,15,28,2022-07,2022-Q3,1,Peak,1,0,0,2022
2022-07-16,2022,7,July,3,Saturday,16,28,2022-07,2022-Q3,1,Peak,1,0,0,2022
2022-07-17,2022,7,July,3,Sunday,17,28,2022-07,2022-Q3,1,Peak,1,0,0,2022
2022-07-18,2022,7,July,3,Monday,18,29,2022-07,2022-Q3,1,Peak,1,0,0,2022
2022-07-19,2022,7,July,3,Tuesday,19,29,2022-07,2022-Q3,1,Peak,1,0,0,2022
2022-07-20,2022,7,July,3,Wednesday,20,29,2022-07,2022-Q3,1,Peak,1,0,0,2022
2022-07-21,2022,7,July,3,Thursday,21,29,2022-07,2022-Q3,1,Peak,1,0,0,2022
2022-07-22,2022,7,July,3,Friday,22,29,2022-07,2022-Q3,1,Peak,1,0,0,2022
2022-07-23,2022,7,July,3,Saturday,23,29,2022-07,2022-Q3,1,Peak,1,0,0,2022
2022-07-24,2022,7,July,3,Sunday,24,29,2022-07,2022-Q3,1,Peak,1,0,0,2022
2022-07-25,2022,7,July,3,Monday,25,30,2022-07,2022-Q3,1,Peak,1,0,0,2022
2022-07-26,2022,7,July,3,Tuesday,26,30,2022-07,2022-Q3,1,Peak,1,0,0,2022
2022-07-27,2022,7,July,3,Wednesday,27,30,2022-07,2022-Q3,1,Peak,1,0,0,2022
2022-07-28,2022,7,July,3,Thursday,28,30,2022-07,2022-Q3,1,Peak,1,0,0,2022
2022-07-29,2022,7,July,3,Friday,29,30,2022-07,2022-Q3,1,Peak,1,0,0,2022
2022-07-30,2022,7,July,3,Saturday,30,30,2022-07,2022-Q3,1,Peak,1,0,0,2022
2022-07-31,2022,7,July,3,Sunday,31,30,2022-07,2022-Q3,1,Peak,1,0,0,2022
2022-08-01,2022,8,August,3,Monday,1,31,2022-08,2022-Q3,1,Peak,1,0,0,2022
2022-08-02,2022,8,August,3,Tuesday,2,31,2022-08,2022-Q3,1,Peak,1,0,0,2022
2022-08-03,2022,8,August,3,Wednesday,3,31,2022-08,2022-Q3,1,Peak,1,0,0,2022
2022-08-04,2022,8,August,3,Thursday,4,31,2022-08,2022-Q3,1,Peak,1,0,0,2022
2022-08-05,2022,8,August,3,Friday,5,31,2022-08,2022-Q3,1,Peak,1,0,0,2022
2022-08-06,2022,8,August,3,Saturday,6,31,2022-08,2022-Q3,1,Peak,1,0,0,2022
2022-08-07,2022,8,August,3,Sunday,7,31,2022-08,2022-Q3,1,Peak,1,0,0,2022
2022-08-08,2022,8,August,3,Monday,8,32,2022-08,2022-Q3,1,Peak,1,0,0,2022
2022-08-09,2022,8,August,3,Tuesday,9,32,2022-08,2022-Q3,1,Peak,1,0,0,2022
2022-08-10,2022,8,August,3,Wednesday,10,32,2022-08,2022-Q3,1,Peak,1,0,0,2022
2022-08-11,2022,8,August,3,Thursday,11,32,2022-08,2022-Q3,1,Peak,1,0,0,2022
2022-08-12,2022,8,August,3,Friday,12,32,2022-08,2022-Q3,1,Peak,1,0,0,2022
2022-08-13,2022,8,August,3,Saturday,13,32,2022-08,2022-Q3,1,Peak,1,0,0,2022
2022-08-14,2022,8,August,3,Sunday,14,32,2022-08,2022-Q3,1,Peak,1,0,0,2022
2022-08-15,2022,8,August,3,Monday,15,33,2022-08,2022-Q3,1,Peak,1,0,0,2022
2022-08-16,2022,8,August,3,Tuesday,16,33,2022-08,2022-Q3,1,Peak,1,0,0,2022
2022-08-17,2022,8,August,3,Wednesday,17,33,2022-08,2022-Q3,1,Peak,1,0,0,2022
2022-08-18,2022,8,August,3,Thursday,18,33,2022-08,2022-Q3,1,Peak,1,0,0,2022
2022-08-19,2022,8,August,3,Friday,19,33,2022-08,2022-Q3,1,Peak,1,0,0,2022
2022-08-20,2022,8,August,3,Saturday,20,33,2022-08,2022-Q3,1,Peak,1,0,0,2022
2022-08-21,2022,8,August,3,Sunday,21,33,2022-08,2022-Q3,1,Peak,1,0,0,2022
2022-08-22,2022,8,August,3,Monday,22,34,2022-08,2022-Q3,1,Peak,1,0,0,2022
2022-08-23,2022,8,August,3,Tuesday,23,34,2022-08,2022-Q3,1,Peak,1,0,0,2022
2022-08-24,2022,8,August,3,Wednesday,24,34,2022-08,2022-Q3,1,Peak,1,0,0,2022
2022-08-25,2022,8,August,3,Thursday,25,34,2022-08,2022-Q3,1,Peak,1,0,0,2022
2022-08-26,2022,8,August,3,Friday,26,34,2022-08,2022-Q3,1,Peak,1,0,0,2022
2022-08-27,2022,8,August,3,Saturday,27,34,2022-08,2022-Q3,1,Peak,1,0,0,2022
2022-08-28,2022,8,August,3,Sunday,28,34,2022-08,2022-Q3,1,Peak,1,0,0,2022
2022-08-29,2022,8,August,3,Monday,29,35,2022-08,2022-Q3,1,Peak,1,0,0,2022
2022-08-30,2022,8,August,3,Tuesday,30,35,2022-08,2022-Q3,1,Peak,1,0,0,2022
2022-08-31,2022,8,August,3,Wednesday,31,35,2022-08,2022-Q3,1,Peak,1,0,0,2022
2022-09-01,2022,9,September,3,Thursday,1,35,2022-09,2022-Q3,1,Shoulder,0,0,0,2022
2022-09-02,2022,9,September,3,Friday,2,35,2022-09,2022-Q3,1,Shoulder,0,0,0,2022
2022-09-03,2022,9,September,3,Saturday,3,35,2022-09,2022-Q3,1,Shoulder,0,0,0,2022
2022-09-04,2022,9,September,3,Sunday,4,35,2022-09,2022-Q3,1,Shoulder,0,0,0,2022
2022-09-05,2022,9,September,3,Monday,5,36,2022-09,2022-Q3,1,Shoulder,0,0,0,2022
2022-09-06,2022,9,September,3,Tuesday,6,36,2022-09,2022-Q3,1,Shoulder,0,0,0,2022
2022-09-07,2022,9,September,3,Wednesday,7,36,2022-09,2022-Q3,1,Shoulder,0,0,0,2022
2022-09-08,2022,9,September,3,Thursday,8,36,2022-09,2022-Q3,1,Shoulder,0,0,0,2022
2022-09-09,2022,9,September,3,Friday,9,36,2022-09,2022-Q3,1,Shoulder,0,0,0,2022
2022-09-10,2022,9,September,3,Saturday,10,36,2022-09,2022-Q3,1,Shoulder,0,0,0,2022
2022-09-11,2022,9,September,3,Sunday,11,36,2022-09,2022-Q3,1,Shoulder,0,0,0,2022
2022-09-12,2022,9,September,3,Monday,12,37,2022-09,2022-Q3,1,Shoulder,0,0,0,2022
2022-09-13,2022,9,September,3,Tuesday,13,37,2022-09,2022-Q3,1,Shoulder,0,0,0,2022
2022-09-14,2022,9,September,3,Wednesday,14,37,2022-09,2022-Q3,1,Shoulder,0,0,0,2022
2022-09-15,2022,9,September,3,Thursday,15,37,2022-09,2022-Q3,1,Shoulder,0,0,0,2022
2022-09-16,2022,9,September,3,Friday,16,37,2022-09,2022-Q3,1,Shoulder,0,0,0,2022
2022-09-17,2022,9,September,3,Saturday,17,37,2022-09,2022-Q3,1,Shoulder,0,0,0,2022
2022-09-18,2022,9,September,3,Sunday,18,37,2022-09,2022-Q3,1,Shoulder,0,0,0,2022
2022-09-19,2022,9,September,3,Monday,19,38,2022-09,2022-Q3,1,Shoulder,0,0,0,2022
2022-09-20,2022,9,September,3,Tuesday,20,38,2022-09,2022-Q3,1,Shoulder,0,0,0,2022
2022-09-21,2022,9,September,3,Wednesday,21,38,2022-09,2022-Q3,1,Shoulder,0,0,0,2022
2022-09-22,2022,9,September,3,Thursday,22,38,2022-09,2022-Q3,1,Shoulder,0,0,0,2022
2022-09-23,2022,9,September,3,Friday,23,38,2022-09,2022-Q3,1,Shoulder,0,0,0,2022
2022-09-24,2022,9,September,3,Saturday,24,38,2022-09,2022-Q3,1,Shoulder,0,0,0,2022
2022-09-25,2022,9,September,3,Sunday,25,38,2022-09,2022-Q3,1,Shoulder,0,0,0,2022
2022-09-26,2022,9,September,3,Monday,26,39,2022-09,2022-Q3,1,Shoulder,0,0,0,2022
2022-09-27,2022,9,September,3,Tuesday,27,39,2022-09,2022-Q3,1,Shoulder,0,0,0,2022
2022-09-28,2022,9,September,3,Wednesday,28,39,2022-09,2022-Q3,1,Shoulder,0,0,0,2022
2022-09-29,2022,9,September,3,Thursday,29,39,2022-09,2022-Q3,1,Shoulder,0,0,0,2022
2022-09-30,2022,9,September,3,Friday,30,39,2022-09,2022-Q3,1,Shoulder,0,0,0,2022
2022-10-01,2022,10,October,4,Saturday,1,39,2022-10,2022-Q4,1,Shoulder,0,0,0,2022
2022-10-02,2022,10,October,4,Sunday,2,39,2022-10,2022-Q4,1,Shoulder,0,0,0,2022
2022-10-03,2022,10,October,4,Monday,3,40,2022-10,2022-Q4,1,Shoulder,0,0,0,2022
2022-10-04,2022,10,October,4,Tuesday,4,40,2022-10,2022-Q4,1,Shoulder,0,0,0,2022
2022-10-05,2022,10,October,4,Wednesday,5,40,2022-10,2022-Q4,1,Shoulder,0,0,0,2022
2022-10-06,2022,10,October,4,Thursday,6,40,2022-10,2022-Q4,1,Shoulder,0,0,0,2022
2022-10-07,2022,10,October,4,Friday,7,40,2022-10,2022-Q4,1,Shoulder,0,0,0,2022
2022-10-08,2022,10,October,4,Saturday,8,40,2022-10,2022-Q4,1,Shoulder,0,0,0,2022
2022-10-09,2022,10,October,4,Sunday,9,40,2022-10,2022-Q4,1,Shoulder,0,0,0,2022
2022-10-10,2022,10,October,4,Monday,10,41,2022-10,2022-Q4,1,Shoulder,0,0,0,2022
2022-10-11,2022,10,October,4,Tuesday,11,41,2022-10,2022-Q4,1,Shoulder,0,0,0,2022
2022-10-12,2022,10,October,4,Wednesday,12,41,2022-10,2022-Q4,1,Shoulder,0,0,0,2022
2022-10-13,2022,10,October,4,Thursday,13,41,2022-10,2022-Q4,1,Shoulder,0,0,0,2022
2022-10-14,2022,10,October,4,Friday,14,41,2022-10,2022-Q4,1,Shoulder,0,0,0,2022
2022-10-15,2022,10,October,4,Saturday,15,41,2022-10,2022-Q4,1,Shoulder,0,0,0,2022
2022-10-16,2022,10,October,4,Sunday,16,41,2022-10,2022-Q4,1,Shoulder,0,0,0,2022
2022-10-17,2022,10,October,4,Monday,17,42,2022-10,2022-Q4,1,Shoulder,0,0,0,2022
2022-10-18,2022,10,October,4,Tuesday,18,42,2022-10,2022-Q4,1,Shoulder,0,0,0,2022
2022-10-19,2022,10,October,4,Wednesday,19,42,2022-10,2022-Q4,1,Shoulder,0,0,0,2022
2022-10-20,2022,10,October,4,Thursday,20,42,2022-10,2022-Q4,1,Shoulder,0,0,0,2022
2022-10-21,2022,10,October,4,Friday,21,42,2022-10,2022-Q4,1,Shoulder,0,0,0,2022
2022-10-22,2022,10,October,4,Saturday,22,42,2022-10,2022-Q4,1,Shoulder,0,0,0,2022
2022-10-23,2022,10,October,4,Sunday,23,42,2022-10,2022-Q4,1,Shoulder,0,0,0,2022
2022-10-24,2022,10,October,4,Monday,24,43,2022-10,2022-Q4,1,Shoulder,0,0,0,2022
2022-10-25,2022,10,October,4,Tuesday,25,43,2022-10,2022-Q4,1,Shoulder,0,0,0,2022
2022-10-26,2022,10,October,4,Wednesday,26,43,2022-10,2022-Q4,1,Shoulder,0,0,0,2022
2022-10-27,2022,10,October,4,Thursday,27,43,2022-10,2022-Q4,1,Shoulder,0,0,0,2022
2022-10-28,2022,10,October,4,Friday,28,43,2022-10,2022-Q4,1,Shoulder,0,0,0,2022
2022-10-29,2022,10,October,4,Saturday,29,43,2022-10,2022-Q4,1,Shoulder,0,0,0,2022
2022-10-30,2022,10,October,4,Sunday,30,43,2022-10,2022-Q4,1,Shoulder,0,0,0,2022
2022-10-31,2022,10,October,4,Monday,31,44,2022-10,2022-Q4,1,Shoulder,0,0,0,2022
2022-11-01,2022,11,November,4,Tuesday,1,44,2022-11,2022-Q4,1,Low,0,1,0,2022
2022-11-02,2022,11,November,4,Wednesday,2,44,2022-11,2022-Q4,1,Low,0,1,0,2022
2022-11-03,2022,11,November,4,Thursday,3,44,2022-11,2022-Q4,1,Low,0,1,0,2022
2022-11-04,2022,11,November,4,Friday,4,44,2022-11,2022-Q4,1,Low,0,1,0,2022
2022-11-05,2022,11,November,4,Saturday,5,44,2022-11,2022-Q4,1,Low,0,1,0,2022
2022-11-06,2022,11,November,4,Sunday,6,44,2022-11,2022-Q4,1,Low,0,1,0,2022
2022-11-07,2022,11,November,4,Monday,7,45,2022-11,2022-Q4,1,Low,0,1,0,2022
2022-11-08,2022,11,November,4,Tuesday,8,45,2022-11,2022-Q4,1,Low,0,1,0,2022
2022-11-09,2022,11,November,4,Wednesday,9,45,2022-11,2022-Q4,1,Low,0,1,0,2022
2022-11-10,2022,11,November,4,Thursday,10,45,2022-11,2022-Q4,1,Low,0,1,0,2022
2022-11-11,2022,11,November,4,Friday,11,45,2022-11,2022-Q4,1,Low,0,1,0,2022
2022-11-12,2022,11,November,4,Saturday,12,45,2022-11,2022-Q4,1,Low,0,1,0,2022
2022-11-13,2022,11,November,4,Sunday,13,45,2022-11,2022-Q4,1,Low,0,1,0,2022
2022-11-14,2022,11,November,4,Monday,14,46,2022-11,2022-Q4,1,Low,0,1,0,2022
2022-11-15,2022,11,November,4,Tuesday,15,46,2022-11,2022-Q4,1,Low,0,1,0,2022
2022-11-16,2022,11,November,4,Wednesday,16,46,2022-11,2022-Q4,1,Low,0,1,0,2022
2022-11-17,2022,11,November,4,Thursday,17,46,2022-11,2022-Q4,1,Low,0,1,0,2022
2022-11-18,2022,11,November,4,Friday,18,46,2022-11,2022-Q4,1,Low,0,1,0,2022
2022-11-19,2022,11,November,4,Saturday,19,46,2022-11,2022-Q4,1,Low,0,1,0,2022
2022-11-20,2022,11,November,4,Sunday,20,46,2022-11,2022-Q4,1,Low,0,1,0,2022
2022-11-21,2022,11,November,4,Monday,21,47,2022-11,2022-Q4,1,Low,0,1,0,2022
2022-11-22,2022,11,November,4,Tuesday,22,47,2022-11,2022-Q4,1,Low,0,1,0,2022
2022-11-23,2022,11,November,4,Wednesday,23,47,2022-11,2022-Q4,1,Low,0,1,0,2022
2022-11-24,2022,11,November,4,Thursday,24,47,2022-11,2022-Q4,1,Low,0,1,0,2022
2022-11-25,2022,11,November,4,Friday,25,47,2022-11,2022-Q4,1,Low,0,1,0,2022
2022-11-26,2022,11,November,4,Saturday,26,47,2022-11,2022-Q4,1,Low,0,1,0,2022
2022-11-27,2022,11,November,4,Sunday,27,47,2022-11,2022-Q4,1,Low,0,1,0,2022
2022-11-28,2022,11,November,4,Monday,28,48,2022-11,2022-Q4,1,Low,0,1,0,2022
2022-11-29,2022,11,November,4,Tuesday,29,48,2022-11,2022-Q4,1,Low,0,1,0,2022
2022-11-30,2022,11,November,4,Wednesday,30,48,2022-11,2022-Q4,1,Low,0,1,0,2022
2022-12-01,2022,12,December,4,Thursday,1,48,2022-12,2022-Q4,1,Peak,1,0,0,2022
2022-12-02,2022,12,December,4,Friday,2,48,2022-12,2022-Q4,1,Peak,1,0,0,2022
2022-12-03,2022,12,December,4,Saturday,3,48,2022-12,2022-Q4,1,Peak,1,0,0,2022
2022-12-04,2022,12,December,4,Sunday,4,48,2022-12,2022-Q4,1,Peak,1,0,0,2022
2022-12-05,2022,12,December,4,Monday,5,49,2022-12,2022-Q4,1,Peak,1,0,0,2022
2022-12-06,2022,12,December,4,Tuesday,6,49,2022-12,2022-Q4,1,Peak,1,0,0,2022
2022-12-07,2022,12,December,4,Wednesday,7,49,2022-12,2022-Q4,1,Peak,1,0,0,2022
2022-12-08,2022,12,December,4,Thursday,8,49,2022-12,2022-Q4,1,Peak,1,0,0,2022
2022-12-09,2022,12,December,4,Friday,9,49,2022-12,2022-Q4,1,Peak,1,0,0,2022
2022-12-10,2022,12,December,4,Saturday,10,49,2022-12,2022-Q4,1,Peak,1,0,0,2022
2022-12-11,2022,12,December,4,Sunday,11,49,2022-12,2022-Q4,1,Peak,1,0,0,2022
2022-12-12,2022,12,December,4,Monday,12,50,2022-12,2022-Q4,1,Peak,1,0,0,2022
2022-12-13,2022,12,December,4,Tuesday,13,50,2022-12,2022-Q4,1,Peak,1,0,0,2022
2022-12-14,2022,12,December,4,Wednesday,14,50,2022-12,2022-Q4,1,Peak,1,0,0,2022
2022-12-15,2022,12,December,4,Thursday,15,50,2022-12,2022-Q4,1,Peak,1,0,0,2022
2022-12-16,2022,12,December,4,Friday,16,50,2022-12,2022-Q4,1,Peak,1,0,0,2022
2022-12-17,2022,12,December,4,Saturday,17,50,2022-12,2022-Q4,1,Peak,1,0,0,2022
2022-12-18,2022,12,December,4,Sunday,18,50,2022-12,2022-Q4,1,Peak,1,0,0,2022
2022-12-19,2022,12,December,4,Monday,19,51,2022-12,2022-Q4,1,Peak,1,0,0,2022
2022-12-20,2022,12,December,4,Tuesday,20,51,2022-12,2022-Q4,1,Peak,1,0,0,2022
2022-12-21,2022,12,December,4,Wednesday,21,51,2022-12,2022-Q4,1,Peak,1,0,0,2022
2022-12-22,2022,12,December,4,Thursday,22,51,2022-12,2022-Q4,1,Peak,1,0,0,2022
2022-12-23,2022,12,December,4,Friday,23,51,2022-12,2022-Q4,1,Peak,1,0,0,2022
2022-12-24,2022,12,December,4,Saturday,24,51,2022-12,2022-Q4,1,Peak,1,0,0,2022
2022-12-25,2022,12,December,4,Sunday,25,51,2022-12,2022-Q4,1,Peak,1,0,0,2022
2022-12-26,2022,12,December,4,Monday,26,52,2022-12,2022-Q4,1,Peak,1,0,0,2022
2022-12-27,2022,12,December,4,Tuesday,27,52,2022-12,2022-Q4,1,Peak,1,0,0,2022
2022-12-28,2022,12,December,4,Wednesday,28,52,2022-12,2022-Q4,1,Peak,1,0,0,2022
2022-12-29,2022,12,December,4,Thursday,29,52,2022-12,2022-Q4,1,Peak,1,0,0,2022
2022-12-30,2022,12,December,4,Friday,30,52,2022-12,2022-Q4,1,Peak,1,0,0,2022
2022-12-31,2022,12,December,4,Saturday,31,52,2022-12,2022-Q4,1,Peak,1,0,0,2022
2023-01-01,2023,1,January,1,Sunday,1,52,2023-01,2023-Q1,2,Low,0,1,0,2023
2023-01-02,2023,1,January,1,Monday,2,1,2023-01,2023-Q1,2,Low,0,1,0,2023
2023-01-03,2023,1,January,1,Tuesday,3,1,2023-01,2023-Q1,2,Low,0,1,0,2023
2023-01-04,2023,1,January,1,Wednesday,4,1,2023-01,2023-Q1,2,Low,0,1,0,2023
2023-01-05,2023,1,January,1,Thursday,5,1,2023-01,2023-Q1,2,Low,0,1,0,2023
2023-01-06,2023,1,January,1,Friday,6,1,2023-01,2023-Q1,2,Low,0,1,0,2023
2023-01-07,2023,1,January,1,Saturday,7,1,2023-01,2023-Q1,2,Low,0,1,0,2023
2023-01-08,2023,1,January,1,Sunday,8,1,2023-01,2023-Q1,2,Low,0,1,0,2023
2023-01-09,2023,1,January,1,Monday,9,2,2023-01,2023-Q1,2,Low,0,1,0,2023
2023-01-10,2023,1,January,1,Tuesday,10,2,2023-01,2023-Q1,2,Low,0,1,0,2023
2023-01-11,2023,1,January,1,Wednesday,11,2,2023-01,2023-Q1,2,Low,0,1,0,2023
2023-01-12,2023,1,January,1,Thursday,12,2,2023-01,2023-Q1,2,Low,0,1,0,2023
2023-01-13,2023,1,January,1,Friday,13,2,2023-01,2023-Q1,2,Low,0,1,0,2023
2023-01-14,2023,1,January,1,Saturday,14,2,2023-01,2023-Q1,2,Low,0,1,0,2023
2023-01-15,2023,1,January,1,Sunday,15,2,2023-01,2023-Q1,2,Low,0,1,0,2023
2023-01-16,2023,1,January,1,Monday,16,3,2023-01,2023-Q1,2,Low,0,1,0,2023
2023-01-17,2023,1,January,1,Tuesday,17,3,2023-01,2023-Q1,2,Low,0,1,0,2023
2023-01-18,2023,1,January,1,Wednesday,18,3,2023-01,2023-Q1,2,Low,0,1,0,2023
2023-01-19,2023,1,January,1,Thursday,19,3,2023-01,2023-Q1,2,Low,0,1,0,2023
2023-01-20,2023,1,January,1,Friday,20,3,2023-01,2023-Q1,2,Low,0,1,0,2023
2023-01-21,2023,1,January,1,Saturday,21,3,2023-01,2023-Q1,2,Low,0,1,0,2023
2023-01-22,2023,1,January,1,Sunday,22,3,2023-01,2023-Q1,2,Low,0,1,0,2023
2023-01-23,2023,1,January,1,Monday,23,4,2023-01,2023-Q1,2,Low,0,1,0,2023
2023-01-24,2023,1,January,1,Tuesday,24,4,2023-01,2023-Q1,2,Low,0,1,0,2023
2023-01-25,2023,1,January,1,Wednesday,25,4,2023-01,2023-Q1,2,Low,0,1,0,2023
2023-01-26,2023,1,January,1,Thursday,26,4,2023-01,2023-Q1,2,Low,0,1,0,2023
2023-01-27,2023,1,January,1,Friday,27,4,2023-01,2023-Q1,2,Low,0,1,0,2023
2023-01-28,2023,1,January,1,Saturday,28,4,2023-01,2023-Q1,2,Low,0,1,0,2023
2023-01-29,2023,1,January,1,Sunday,29,4,2023-01,2023-Q1,2,Low,0,1,0,2023
2023-01-30,2023,1,January,1,Monday,30,5,2023-01,2023-Q1,2,Low,0,1,0,2023
2023-01-31,2023,1,January,1,Tuesday,31,5,2023-01,2023-Q1,2,Low,0,1,0,2023
2023-02-01,2023,2,February,1,Wednesday,1,5,2023-02,2023-Q1,2,Low,0,1,0,2023
2023-02-02,2023,2,February,1,Thursday,2,5,2023-02,2023-Q1,2,Low,0,1,0,2023
2023-02-03,2023,2,February,1,Friday,3,5,2023-02,2023-Q1,2,Low,0,1,0,2023
2023-02-04,2023,2,February,1,Saturday,4,5,2023-02,2023-Q1,2,Low,0,1,0,2023
2023-02-05,2023,2,February,1,Sunday,5,5,2023-02,2023-Q1,2,Low,0,1,0,2023
2023-02-06,2023,2,February,1,Monday,6,6,2023-02,2023-Q1,2,Low,0,1,0,2023
2023-02-07,2023,2,February,1,Tuesday,7,6,2023-02,2023-Q1,2,Low,0,1,0,2023
2023-02-08,2023,2,February,1,Wednesday,8,6,2023-02,2023-Q1,2,Low,0,1,0,2023
2023-02-09,2023,2,February,1,Thursday,9,6,2023-02,2023-Q1,2,Low,0,1,0,2023
2023-02-10,2023,2,February,1,Friday,10,6,2023-02,2023-Q1,2,Low,0,1,0,2023
2023-02-11,2023,2,February,1,Saturday,11,6,2023-02,2023-Q1,2,Low,0,1,0,2023
2023-02-12,2023,2,February,1,Sunday,12,6,2023-02,2023-Q1,2,Low,0,1,0,2023
2023-02-13,2023,2,February,1,Monday,13,7,2023-02,2023-Q1,2,Low,0,1,0,2023
2023-02-14,2023,2,February,1,Tuesday,14,7,2023-02,2023-Q1,2,Low,0,1,0,2023
2023-02-15,2023,2,February,1,Wednesday,15,7,2023-02,2023-Q1,2,Low,0,1,0,2023
2023-02-16,2023,2,February,1,Thursday,16,7,2023-02,2023-Q1,2,Low,0,1,0,2023
2023-02-17,2023,2,February,1,Friday,17,7,2023-02,2023-Q1,2,Low,0,1,0,2023
2023-02-18,2023,2,February,1,Saturday,18,7,2023-02,2023-Q1,2,Low,0,1,0,2023
2023-02-19,2023,2,February,1,Sunday,19,7,2023-02,2023-Q1,2,Low,0,1,0,2023
2023-02-20,2023,2,February,1,Monday,20,8,2023-02,2023-Q1,2,Low,0,1,0,2023
2023-02-21,2023,2,February,1,Tuesday,21,8,2023-02,2023-Q1,2,Low,0,1,0,2023
2023-02-22,2023,2,February,1,Wednesday,22,8,2023-02,2023-Q1,2,Low,0,1,0,2023
2023-02-23,2023,2,February,1,Thursday,23,8,2023-02,2023-Q1,2,Low,0,1,0,2023
2023-02-24,2023,2,February,1,Friday,24,8,2023-02,2023-Q1,2,Low,0,1,0,2023
2023-02-25,2023,2,February,1,Saturday,25,8,2023-02,2023-Q1,2,Low,0,1,0,2023
2023-02-26,2023,2,February,1,Sunday,26,8,2023-02,2023-Q1,2,Low,0,1,0,2023
2023-02-27,2023,2,February,1,Monday,27,9,2023-02,2023-Q1,2,Low,0,1,0,2023
2023-02-28,2023,2,February,1,Tuesday,28,9,2023-02,2023-Q1,2,Low,0,1,0,2023
2023-03-01,2023,3,March,1,Wednesday,1,9,2023-03,2023-Q1,2,Shoulder,0,0,0,2023
2023-03-02,2023,3,March,1,Thursday,2,9,2023-03,2023-Q1,2,Shoulder,0,0,0,2023
2023-03-03,2023,3,March,1,Friday,3,9,2023-03,2023-Q1,2,Shoulder,0,0,0,2023
2023-03-04,2023,3,March,1,Saturday,4,9,2023-03,2023-Q1,2,Shoulder,0,0,0,2023
2023-03-05,2023,3,March,1,Sunday,5,9,2023-03,2023-Q1,2,Shoulder,0,0,0,2023
2023-03-06,2023,3,March,1,Monday,6,10,2023-03,2023-Q1,2,Shoulder,0,0,0,2023
2023-03-07,2023,3,March,1,Tuesday,7,10,2023-03,2023-Q1,2,Shoulder,0,0,0,2023
2023-03-08,2023,3,March,1,Wednesday,8,10,2023-03,2023-Q1,2,Shoulder,0,0,0,2023
2023-03-09,2023,3,March,1,Thursday,9,10,2023-03,2023-Q1,2,Shoulder,0,0,0,2023
2023-03-10,2023,3,March,1,Friday,10,10,2023-03,2023-Q1,2,Shoulder,0,0,0,2023
2023-03-11,2023,3,March,1,Saturday,11,10,2023-03,2023-Q1,2,Shoulder,0,0,0,2023
2023-03-12,2023,3,March,1,Sunday,12,10,2023-03,2023-Q1,2,Shoulder,0,0,0,2023
2023-03-13,2023,3,March,1,Monday,13,11,2023-03,2023-Q1,2,Shoulder,0,0,0,2023
2023-03-14,2023,3,March,1,Tuesday,14,11,2023-03,2023-Q1,2,Shoulder,0,0,0,2023
2023-03-15,2023,3,March,1,Wednesday,15,11,2023-03,2023-Q1,2,Shoulder,0,0,0,2023
2023-03-16,2023,3,March,1,Thursday,16,11,2023-03,2023-Q1,2,Shoulder,0,0,0,2023
2023-03-17,2023,3,March,1,Friday,17,11,2023-03,2023-Q1,2,Shoulder,0,0,0,2023
2023-03-18,2023,3,March,1,Saturday,18,11,2023-03,2023-Q1,2,Shoulder,0,0,0,2023
2023-03-19,2023,3,March,1,Sunday,19,11,2023-03,2023-Q1,2,Shoulder,0,0,0,2023
2023-03-20,2023,3,March,1,Monday,20,12,2023-03,2023-Q1,2,Shoulder,0,0,0,2023
2023-03-21,2023,3,March,1,Tuesday,21,12,2023-03,2023-Q1,2,Shoulder,0,0,0,2023
2023-03-22,2023,3,March,1,Wednesday,22,12,2023-03,2023-Q1,2,Shoulder,0,0,0,2023
2023-03-23,2023,3,March,1,Thursday,23,12,2023-03,2023-Q1,2,Shoulder,0,0,0,2023
2023-03-24,2023,3,March,1,Friday,24,12,2023-03,2023-Q1,2,Shoulder,0,0,0,2023
2023-03-25,2023,3,March,1,Saturday,25,12,2023-03,2023-Q1,2,Shoulder,0,0,0,2023
2023-03-26,2023,3,March,1,Sunday,26,12,2023-03,2023-Q1,2,Shoulder,0,0,0,2023
2023-03-27,2023,3,March,1,Monday,27,13,2023-03,2023-Q1,2,Shoulder,0,0,0,2023
2023-03-28,2023,3,March,1,Tuesday,28,13,2023-03,2023-Q1,2,Shoulder,0,0,0,2023
2023-03-29,2023,3,March,1,Wednesday,29,13,2023-03,2023-Q1,2,Shoulder,0,0,0,2023
2023-03-30,2023,3,March,1,Thursday,30,13,2023-03,2023-Q1,2,Shoulder,0,0,0,2023
2023-03-31,2023,3,March,1,Friday,31,13,2023-03,2023-Q1,2,Shoulder,0,0,0,2023
2023-04-01,2023,4,April,2,Saturday,1,13,2023-04,2023-Q2,2,Shoulder,0,0,0,2023
2023-04-02,2023,4,April,2,Sunday,2,13,2023-04,2023-Q2,2,Shoulder,0,0,0,2023
2023-04-03,2023,4,April,2,Monday,3,14,2023-04,2023-Q2,2,Shoulder,0,0,0,2023
2023-04-04,2023,4,April,2,Tuesday,4,14,2023-04,2023-Q2,2,Shoulder,0,0,0,2023
2023-04-05,2023,4,April,2,Wednesday,5,14,2023-04,2023-Q2,2,Shoulder,0,0,0,2023
2023-04-06,2023,4,April,2,Thursday,6,14,2023-04,2023-Q2,2,Shoulder,0,0,0,2023
2023-04-07,2023,4,April,2,Friday,7,14,2023-04,2023-Q2,2,Shoulder,0,0,0,2023
2023-04-08,2023,4,April,2,Saturday,8,14,2023-04,2023-Q2,2,Shoulder,0,0,0,2023
2023-04-09,2023,4,April,2,Sunday,9,14,2023-04,2023-Q2,2,Shoulder,0,0,0,2023
2023-04-10,2023,4,April,2,Monday,10,15,2023-04,2023-Q2,2,Shoulder,0,0,0,2023
2023-04-11,2023,4,April,2,Tuesday,11,15,2023-04,2023-Q2,2,Shoulder,0,0,0,2023
2023-04-12,2023,4,April,2,Wednesday,12,15,2023-04,2023-Q2,2,Shoulder,0,0,0,2023
2023-04-13,2023,4,April,2,Thursday,13,15,2023-04,2023-Q2,2,Shoulder,0,0,0,2023
2023-04-14,2023,4,April,2,Friday,14,15,2023-04,2023-Q2,2,Shoulder,0,0,0,2023
2023-04-15,2023,4,April,2,Saturday,15,15,2023-04,2023-Q2,2,Shoulder,0,0,0,2023
2023-04-16,2023,4,April,2,Sunday,16,15,2023-04,2023-Q2,2,Shoulder,0,0,0,2023
2023-04-17,2023,4,April,2,Monday,17,16,2023-04,2023-Q2,2,Shoulder,0,0,0,2023
2023-04-18,2023,4,April,2,Tuesday,18,16,2023-04,2023-Q2,2,Shoulder,0,0,0,2023
2023-04-19,2023,4,April,2,Wednesday,19,16,2023-04,2023-Q2,2,Shoulder,0,0,0,2023
2023-04-20,2023,4,April,2,Thursday,20,16,2023-04,2023-Q2,2,Shoulder,0,0,0,2023
2023-04-21,2023,4,April,2,Friday,21,16,2023-04,2023-Q2,2,Shoulder,0,0,0,2023
2023-04-22,2023,4,April,2,Saturday,22,16,2023-04,2023-Q2,2,Shoulder,0,0,0,2023
2023-04-23,2023,4,April,2,Sunday,23,16,2023-04,2023-Q2,2,Shoulder,0,0,0,2023
2023-04-24,2023,4,April,2,Monday,24,17,2023-04,2023-Q2,2,Shoulder,0,0,0,2023
2023-04-25,2023,4,April,2,Tuesday,25,17,2023-04,2023-Q2,2,Shoulder,0,0,0,2023
2023-04-26,2023,4,April,2,Wednesday,26,17,2023-04,2023-Q2,2,Shoulder,0,0,0,2023
2023-04-27,2023,4,April,2,Thursday,27,17,2023-04,2023-Q2,2,Shoulder,0,0,0,2023
2023-04-28,2023,4,April,2,Friday,28,17,2023-04,2023-Q2,2,Shoulder,0,0,0,2023
2023-04-29,2023,4,April,2,Saturday,29,17,2023-04,2023-Q2,2,Shoulder,0,0,0,2023
2023-04-30,2023,4,April,2,Sunday,30,17,2023-04,2023-Q2,2,Shoulder,0,0,0,2023
2023-05-01,2023,5,May,2,Monday,1,18,2023-05,2023-Q2,2,Low,0,1,0,2023
2023-05-02,2023,5,May,2,Tuesday,2,18,2023-05,2023-Q2,2,Low,0,1,0,2023
2023-05-03,2023,5,May,2,Wednesday,3,18,2023-05,2023-Q2,2,Low,0,1,0,2023
2023-05-04,2023,5,May,2,Thursday,4,18,2023-05,2023-Q2,2,Low,0,1,0,2023
2023-05-05,2023,5,May,2,Friday,5,18,2023-05,2023-Q2,2,Low,0,1,0,2023
2023-05-06,2023,5,May,2,Saturday,6,18,2023-05,2023-Q2,2,Low,0,1,0,2023
2023-05-07,2023,5,May,2,Sunday,7,18,2023-05,2023-Q2,2,Low,0,1,0,2023
2023-05-08,2023,5,May,2,Monday,8,19,2023-05,2023-Q2,2,Low,0,1,0,2023
2023-05-09,2023,5,May,2,Tuesday,9,19,2023-05,2023-Q2,2,Low,0,1,0,2023
2023-05-10,2023,5,May,2,Wednesday,10,19,2023-05,2023-Q2,2,Low,0,1,0,2023
2023-05-11,2023,5,May,2,Thursday,11,19,2023-05,2023-Q2,2,Low,0,1,0,2023
2023-05-12,2023,5,May,2,Friday,12,19,2023-05,2023-Q2,2,Low,0,1,0,2023
2023-05-13,2023,5,May,2,Saturday,13,19,2023-05,2023-Q2,2,Low,0,1,0,2023
2023-05-14,2023,5,May,2,Sunday,14,19,2023-05,2023-Q2,2,Low,0,1,0,2023
2023-05-15,2023,5,May,2,Monday,15,20,2023-05,2023-Q2,2,Low,0,1,0,2023
2023-05-16,2023,5,May,2,Tuesday,16,20,2023-05,2023-Q2,2,Low,0,1,0,2023
2023-05-17,2023,5,May,2,Wednesday,17,20,2023-05,2023-Q2,2,Low,0,1,0,2023
2023-05-18,2023,5,May,2,Thursday,18,20,2023-05,2023-Q2,2,Low,0,1,0,2023
2023-05-19,2023,5,May,2,Friday,19,20,2023-05,2023-Q2,2,Low,0,1,0,2023
2023-05-20,2023,5,May,2,Saturday,20,20,2023-05,2023-Q2,2,Low,0,1,0,2023
2023-05-21,2023,5,May,2,Sunday,21,20,2023-05,2023-Q2,2,Low,0,1,0,2023
2023-05-22,2023,5,May,2,Monday,22,21,2023-05,2023-Q2,2,Low,0,1,0,2023
2023-05-23,2023,5,May,2,Tuesday,23,21,2023-05,2023-Q2,2,Low,0,1,0,2023
2023-05-24,2023,5,May,2,Wednesday,24,21,2023-05,2023-Q2,2,Low,0,1,0,2023
2023-05-25,2023,5,May,2,Thursday,25,21,2023-05,2023-Q2,2,Low,0,1,0,2023
2023-05-26,2023,5,May,2,Friday,26,21,2023-05,2023-Q2,2,Low,0,1,0,2023
2023-05-27,2023,5,May,2,Saturday,27,21,2023-05,2023-Q2,2,Low,0,1,0,2023
2023-05-28,2023,5,May,2,Sunday,28,21,2023-05,2023-Q2,2,Low,0,1,0,2023
2023-05-29,2023,5,May,2,Monday,29,22,2023-05,2023-Q2,2,Low,0,1,0,2023
2023-05-30,2023,5,May,2,Tuesday,30,22,2023-05,2023-Q2,2,Low,0,1,0,2023
2023-05-31,2023,5,May,2,Wednesday,31,22,2023-05,2023-Q2,2,Low,0,1,0,2023
2023-06-01,2023,6,June,2,Thursday,1,22,2023-06,2023-Q2,2,Peak,1,0,0,2023
2023-06-02,2023,6,June,2,Friday,2,22,2023-06,2023-Q2,2,Peak,1,0,0,2023
2023-06-03,2023,6,June,2,Saturday,3,22,2023-06,2023-Q2,2,Peak,1,0,0,2023
2023-06-04,2023,6,June,2,Sunday,4,22,2023-06,2023-Q2,2,Peak,1,0,0,2023
2023-06-05,2023,6,June,2,Monday,5,23,2023-06,2023-Q2,2,Peak,1,0,0,2023
2023-06-06,2023,6,June,2,Tuesday,6,23,2023-06,2023-Q2,2,Peak,1,0,0,2023
2023-06-07,2023,6,June,2,Wednesday,7,23,2023-06,2023-Q2,2,Peak,1,0,0,2023
2023-06-08,2023,6,June,2,Thursday,8,23,2023-06,2023-Q2,2,Peak,1,0,0,2023
2023-06-09,2023,6,June,2,Friday,9,23,2023-06,2023-Q2,2,Peak,1,0,0,2023
2023-06-10,2023,6,June,2,Saturday,10,23,2023-06,2023-Q2,2,Peak,1,0,0,2023
2023-06-11,2023,6,June,2,Sunday,11,23,2023-06,2023-Q2,2,Peak,1,0,0,2023
2023-06-12,2023,6,June,2,Monday,12,24,2023-06,2023-Q2,2,Peak,1,0,0,2023
2023-06-13,2023,6,June,2,Tuesday,13,24,2023-06,2023-Q2,2,Peak,1,0,0,2023
2023-06-14,2023,6,June,2,Wednesday,14,24,2023-06,2023-Q2,2,Peak,1,0,0,2023
2023-06-15,2023,6,June,2,Thursday,15,24,2023-06,2023-Q2,2,Peak,1,0,0,2023
2023-06-16,2023,6,June,2,Friday,16,24,2023-06,2023-Q2,2,Peak,1,0,0,2023
2023-06-17,2023,6,June,2,Saturday,17,24,2023-06,2023-Q2,2,Peak,1,0,0,2023
2023-06-18,2023,6,June,2,Sunday,18,24,2023-06,2023-Q2,2,Peak,1,0,0,2023
2023-06-19,2023,6,June,2,Monday,19,25,2023-06,2023-Q2,2,Peak,1,0,0,2023
2023-06-20,2023,6,June,2,Tuesday,20,25,2023-06,2023-Q2,2,Peak,1,0,0,2023
2023-06-21,2023,6,June,2,Wednesday,21,25,2023-06,2023-Q2,2,Peak,1,0,0,2023
2023-06-22,2023,6,June,2,Thursday,22,25,2023-06,2023-Q2,2,Peak,1,0,0,2023
2023-06-23,2023,6,June,2,Friday,23,25,2023-06,2023-Q2,2,Peak,1,0,0,2023
2023-06-24,2023,6,June,2,Saturday,24,25,2023-06,2023-Q2,2,Peak,1,0,0,2023
2023-06-25,2023,6,June,2,Sunday,25,25,2023-06,2023-Q2,2,Peak,1,0,0,2023
2023-06-26,2023,6,June,2,Monday,26,26,2023-06,2023-Q2,2,Peak,1,0,0,2023
2023-06-27,2023,6,June,2,Tuesday,27,26,2023-06,2023-Q2,2,Peak,1,0,0,2023
2023-06-28,2023,6,June,2,Wednesday,28,26,2023-06,2023-Q2,2,Peak,1,0,0,2023
2023-06-29,2023,6,June,2,Thursday,29,26,2023-06,2023-Q2,2,Peak,1,0,0,2023
2023-06-30,2023,6,June,2,Friday,30,26,2023-06,2023-Q2,2,Peak,1,0,0,2023
2023-07-01,2023,7,July,3,Saturday,1,26,2023-07,2023-Q3,2,Peak,1,0,0,2023
2023-07-02,2023,7,July,3,Sunday,2,26,2023-07,2023-Q3,2,Peak,1,0,0,2023
2023-07-03,2023,7,July,3,Monday,3,27,2023-07,2023-Q3,2,Peak,1,0,0,2023
2023-07-04,2023,7,July,3,Tuesday,4,27,2023-07,2023-Q3,2,Peak,1,0,0,2023
2023-07-05,2023,7,July,3,Wednesday,5,27,2023-07,2023-Q3,2,Peak,1,0,0,2023
2023-07-06,2023,7,July,3,Thursday,6,27,2023-07,2023-Q3,2,Peak,1,0,0,2023
2023-07-07,2023,7,July,3,Friday,7,27,2023-07,2023-Q3,2,Peak,1,0,0,2023
2023-07-08,2023,7,July,3,Saturday,8,27,2023-07,2023-Q3,2,Peak,1,0,0,2023
2023-07-09,2023,7,July,3,Sunday,9,27,2023-07,2023-Q3,2,Peak,1,0,0,2023
2023-07-10,2023,7,July,3,Monday,10,28,2023-07,2023-Q3,2,Peak,1,0,0,2023
2023-07-11,2023,7,July,3,Tuesday,11,28,2023-07,2023-Q3,2,Peak,1,0,0,2023
2023-07-12,2023,7,July,3,Wednesday,12,28,2023-07,2023-Q3,2,Peak,1,0,0,2023
2023-07-13,2023,7,July,3,Thursday,13,28,2023-07,2023-Q3,2,Peak,1,0,0,2023
2023-07-14,2023,7,July,3,Friday,14,28,2023-07,2023-Q3,2,Peak,1,0,0,2023
2023-07-15,2023,7,July,3,Saturday,15,28,2023-07,2023-Q3,2,Peak,1,0,0,2023
2023-07-16,2023,7,July,3,Sunday,16,28,2023-07,2023-Q3,2,Peak,1,0,0,2023
2023-07-17,2023,7,July,3,Monday,17,29,2023-07,2023-Q3,2,Peak,1,0,0,2023
2023-07-18,2023,7,July,3,Tuesday,18,29,2023-07,2023-Q3,2,Peak,1,0,0,2023
2023-07-19,2023,7,July,3,Wednesday,19,29,2023-07,2023-Q3,2,Peak,1,0,0,2023
2023-07-20,2023,7,July,3,Thursday,20,29,2023-07,2023-Q3,2,Peak,1,0,0,2023
2023-07-21,2023,7,July,3,Friday,21,29,2023-07,2023-Q3,2,Peak,1,0,0,2023
2023-07-22,2023,7,July,3,Saturday,22,29,2023-07,2023-Q3,2,Peak,1,0,0,2023
2023-07-23,2023,7,July,3,Sunday,23,29,2023-07,2023-Q3,2,Peak,1,0,0,2023
2023-07-24,2023,7,July,3,Monday,24,30,2023-07,2023-Q3,2,Peak,1,0,0,2023
2023-07-25,2023,7,July,3,Tuesday,25,30,2023-07,2023-Q3,2,Peak,1,0,0,2023
2023-07-26,2023,7,July,3,Wednesday,26,30,2023-07,2023-Q3,2,Peak,1,0,0,2023
2023-07-27,2023,7,July,3,Thursday,27,30,2023-07,2023-Q3,2,Peak,1,0,0,2023
2023-07-28,2023,7,July,3,Friday,28,30,2023-07,2023-Q3,2,Peak,1,0,0,2023
2023-07-29,2023,7,July,3,Saturday,29,30,2023-07,2023-Q3,2,Peak,1,0,0,2023
2023-07-30,2023,7,July,3,Sunday,30,30,2023-07,2023-Q3,2,Peak,1,0,0,2023
2023-07-31,2023,7,July,3,Monday,31,31,2023-07,2023-Q3,2,Peak,1,0,0,2023
2023-08-01,2023,8,August,3,Tuesday,1,31,2023-08,2023-Q3,2,Peak,1,0,0,2023
2023-08-02,2023,8,August,3,Wednesday,2,31,2023-08,2023-Q3,2,Peak,1,0,0,2023
2023-08-03,2023,8,August,3,Thursday,3,31,2023-08,2023-Q3,2,Peak,1,0,0,2023
2023-08-04,2023,8,August,3,Friday,4,31,2023-08,2023-Q3,2,Peak,1,0,0,2023
2023-08-05,2023,8,August,3,Saturday,5,31,2023-08,2023-Q3,2,Peak,1,0,0,2023
2023-08-06,2023,8,August,3,Sunday,6,31,2023-08,2023-Q3,2,Peak,1,0,0,2023
2023-08-07,2023,8,August,3,Monday,7,32,2023-08,2023-Q3,2,Peak,1,0,0,2023
2023-08-08,2023,8,August,3,Tuesday,8,32,2023-08,2023-Q3,2,Peak,1,0,0,2023
2023-08-09,2023,8,August,3,Wednesday,9,32,2023-08,2023-Q3,2,Peak,1,0,0,2023
2023-08-10,2023,8,August,3,Thursday,10,32,2023-08,2023-Q3,2,Peak,1,0,0,2023
2023-08-11,2023,8,August,3,Friday,11,32,2023-08,2023-Q3,2,Peak,1,0,0,2023
2023-08-12,2023,8,August,3,Saturday,12,32,2023-08,2023-Q3,2,Peak,1,0,0,2023
2023-08-13,2023,8,August,3,Sunday,13,32,2023-08,2023-Q3,2,Peak,1,0,0,2023
2023-08-14,2023,8,August,3,Monday,14,33,2023-08,2023-Q3,2,Peak,1,0,0,2023
2023-08-15,2023,8,August,3,Tuesday,15,33,2023-08,2023-Q3,2,Peak,1,0,0,2023
2023-08-16,2023,8,August,3,Wednesday,16,33,2023-08,2023-Q3,2,Peak,1,0,0,2023
2023-08-17,2023,8,August,3,Thursday,17,33,2023-08,2023-Q3,2,Peak,1,0,0,2023
2023-08-18,2023,8,August,3,Friday,18,33,2023-08,2023-Q3,2,Peak,1,0,0,2023
2023-08-19,2023,8,August,3,Saturday,19,33,2023-08,2023-Q3,2,Peak,1,0,0,2023
2023-08-20,2023,8,August,3,Sunday,20,33,2023-08,2023-Q3,2,Peak,1,0,0,2023
2023-08-21,2023,8,August,3,Monday,21,34,2023-08,2023-Q3,2,Peak,1,0,0,2023
2023-08-22,2023,8,August,3,Tuesday,22,34,2023-08,2023-Q3,2,Peak,1,0,0,2023
2023-08-23,2023,8,August,3,Wednesday,23,34,2023-08,2023-Q3,2,Peak,1,0,0,2023
2023-08-24,2023,8,August,3,Thursday,24,34,2023-08,2023-Q3,2,Peak,1,0,0,2023
2023-08-25,2023,8,August,3,Friday,25,34,2023-08,2023-Q3,2,Peak,1,0,0,2023
2023-08-26,2023,8,August,3,Saturday,26,34,2023-08,2023-Q3,2,Peak,1,0,0,2023
2023-08-27,2023,8,August,3,Sunday,27,34,2023-08,2023-Q3,2,Peak,1,0,0,2023
2023-08-28,2023,8,August,3,Monday,28,35,2023-08,2023-Q3,2,Peak,1,0,0,2023
2023-08-29,2023,8,August,3,Tuesday,29,35,2023-08,2023-Q3,2,Peak,1,0,0,2023
2023-08-30,2023,8,August,3,Wednesday,30,35,2023-08,2023-Q3,2,Peak,1,0,0,2023
2023-08-31,2023,8,August,3,Thursday,31,35,2023-08,2023-Q3,2,Peak,1,0,0,2023
2023-09-01,2023,9,September,3,Friday,1,35,2023-09,2023-Q3,2,Shoulder,0,0,0,2023
2023-09-02,2023,9,September,3,Saturday,2,35,2023-09,2023-Q3,2,Shoulder,0,0,0,2023
2023-09-03,2023,9,September,3,Sunday,3,35,2023-09,2023-Q3,2,Shoulder,0,0,0,2023
2023-09-04,2023,9,September,3,Monday,4,36,2023-09,2023-Q3,2,Shoulder,0,0,0,2023
2023-09-05,2023,9,September,3,Tuesday,5,36,2023-09,2023-Q3,2,Shoulder,0,0,0,2023
2023-09-06,2023,9,September,3,Wednesday,6,36,2023-09,2023-Q3,2,Shoulder,0,0,0,2023
2023-09-07,2023,9,September,3,Thursday,7,36,2023-09,2023-Q3,2,Shoulder,0,0,0,2023
2023-09-08,2023,9,September,3,Friday,8,36,2023-09,2023-Q3,2,Shoulder,0,0,0,2023
2023-09-09,2023,9,September,3,Saturday,9,36,2023-09,2023-Q3,2,Shoulder,0,0,0,2023
2023-09-10,2023,9,September,3,Sunday,10,36,2023-09,2023-Q3,2,Shoulder,0,0,0,2023
2023-09-11,2023,9,September,3,Monday,11,37,2023-09,2023-Q3,2,Shoulder,0,0,0,2023
2023-09-12,2023,9,September,3,Tuesday,12,37,2023-09,2023-Q3,2,Shoulder,0,0,0,2023
2023-09-13,2023,9,September,3,Wednesday,13,37,2023-09,2023-Q3,2,Shoulder,0,0,0,2023
2023-09-14,2023,9,September,3,Thursday,14,37,2023-09,2023-Q3,2,Shoulder,0,0,0,2023
2023-09-15,2023,9,September,3,Friday,15,37,2023-09,2023-Q3,2,Shoulder,0,0,0,2023
2023-09-16,2023,9,September,3,Saturday,16,37,2023-09,2023-Q3,2,Shoulder,0,0,0,2023
2023-09-17,2023,9,September,3,Sunday,17,37,2023-09,2023-Q3,2,Shoulder,0,0,0,2023
2023-09-18,2023,9,September,3,Monday,18,38,2023-09,2023-Q3,2,Shoulder,0,0,0,2023
2023-09-19,2023,9,September,3,Tuesday,19,38,2023-09,2023-Q3,2,Shoulder,0,0,0,2023
2023-09-20,2023,9,September,3,Wednesday,20,38,2023-09,2023-Q3,2,Shoulder,0,0,0,2023
2023-09-21,2023,9,September,3,Thursday,21,38,2023-09,2023-Q3,2,Shoulder,0,0,0,2023
2023-09-22,2023,9,September,3,Friday,22,38,2023-09,2023-Q3,2,Shoulder,0,0,0,2023
2023-09-23,2023,9,September,3,Saturday,23,38,2023-09,2023-Q3,2,Shoulder,0,0,0,2023
2023-09-24,2023,9,September,3,Sunday,24,38,2023-09,2023-Q3,2,Shoulder,0,0,0,2023
2023-09-25,2023,9,September,3,Monday,25,39,2023-09,2023-Q3,2,Shoulder,0,0,0,2023
2023-09-26,2023,9,September,3,Tuesday,26,39,2023-09,2023-Q3,2,Shoulder,0,0,0,2023
2023-09-27,2023,9,September,3,Wednesday,27,39,2023-09,2023-Q3,2,Shoulder,0,0,0,2023
2023-09-28,2023,9,September,3,Thursday,28,39,2023-09,2023-Q3,2,Shoulder,0,0,0,2023
2023-09-29,2023,9,September,3,Friday,29,39,2023-09,2023-Q3,2,Shoulder,0,0,0,2023
2023-09-30,2023,9,September,3,Saturday,30,39,2023-09,2023-Q3,2,Shoulder,0,0,0,2023
2023-10-01,2023,10,October,4,Sunday,1,39,2023-10,2023-Q4,2,Shoulder,0,0,0,2023
2023-10-02,2023,10,October,4,Monday,2,40,2023-10,2023-Q4,2,Shoulder,0,0,0,2023
2023-10-03,2023,10,October,4,Tuesday,3,40,2023-10,2023-Q4,2,Shoulder,0,0,0,2023
2023-10-04,2023,10,October,4,Wednesday,4,40,2023-10,2023-Q4,2,Shoulder,0,0,0,2023
2023-10-05,2023,10,October,4,Thursday,5,40,2023-10,2023-Q4,2,Shoulder,0,0,0,2023
2023-10-06,2023,10,October,4,Friday,6,40,2023-10,2023-Q4,2,Shoulder,0,0,0,2023
2023-10-07,2023,10,October,4,Saturday,7,40,2023-10,2023-Q4,2,Shoulder,0,0,0,2023
2023-10-08,2023,10,October,4,Sunday,8,40,2023-10,2023-Q4,2,Shoulder,0,0,0,2023
2023-10-09,2023,10,October,4,Monday,9,41,2023-10,2023-Q4,2,Shoulder,0,0,0,2023
2023-10-10,2023,10,October,4,Tuesday,10,41,2023-10,2023-Q4,2,Shoulder,0,0,0,2023
2023-10-11,2023,10,October,4,Wednesday,11,41,2023-10,2023-Q4,2,Shoulder,0,0,0,2023
2023-10-12,2023,10,October,4,Thursday,12,41,2023-10,2023-Q4,2,Shoulder,0,0,0,2023
2023-10-13,2023,10,October,4,Friday,13,41,2023-10,2023-Q4,2,Shoulder,0,0,0,2023
2023-10-14,2023,10,October,4,Saturday,14,41,2023-10,2023-Q4,2,Shoulder,0,0,0,2023
2023-10-15,2023,10,October,4,Sunday,15,41,2023-10,2023-Q4,2,Shoulder,0,0,0,2023
2023-10-16,2023,10,October,4,Monday,16,42,2023-10,2023-Q4,2,Shoulder,0,0,0,2023
2023-10-17,2023,10,October,4,Tuesday,17,42,2023-10,2023-Q4,2,Shoulder,0,0,0,2023
2023-10-18,2023,10,October,4,Wednesday,18,42,2023-10,2023-Q4,2,Shoulder,0,0,0,2023
2023-10-19,2023,10,October,4,Thursday,19,42,2023-10,2023-Q4,2,Shoulder,0,0,0,2023
2023-10-20,2023,10,October,4,Friday,20,42,2023-10,2023-Q4,2,Shoulder,0,0,0,2023
2023-10-21,2023,10,October,4,Saturday,21,42,2023-10,2023-Q4,2,Shoulder,0,0,0,2023
2023-10-22,2023,10,October,4,Sunday,22,42,2023-10,2023-Q4,2,Shoulder,0,0,0,2023
2023-10-23,2023,10,October,4,Monday,23,43,2023-10,2023-Q4,2,Shoulder,0,0,0,2023
2023-10-24,2023,10,October,4,Tuesday,24,43,2023-10,2023-Q4,2,Shoulder,0,0,0,2023
2023-10-25,2023,10,October,4,Wednesday,25,43,2023-10,2023-Q4,2,Shoulder,0,0,0,2023
2023-10-26,2023,10,October,4,Thursday,26,43,2023-10,2023-Q4,2,Shoulder,0,0,0,2023
2023-10-27,2023,10,October,4,Friday,27,43,2023-10,2023-Q4,2,Shoulder,0,0,0,2023
2023-10-28,2023,10,October,4,Saturday,28,43,2023-10,2023-Q4,2,Shoulder,0,0,0,2023
2023-10-29,2023,10,October,4,Sunday,29,43,2023-10,2023-Q4,2,Shoulder,0,0,0,2023
2023-10-30,2023,10,October,4,Monday,30,44,2023-10,2023-Q4,2,Shoulder,0,0,0,2023
2023-10-31,2023,10,October,4,Tuesday,31,44,2023-10,2023-Q4,2,Shoulder,0,0,0,2023
2023-11-01,2023,11,November,4,Wednesday,1,44,2023-11,2023-Q4,2,Low,0,1,0,2023
2023-11-02,2023,11,November,4,Thursday,2,44,2023-11,2023-Q4,2,Low,0,1,0,2023
2023-11-03,2023,11,November,4,Friday,3,44,2023-11,2023-Q4,2,Low,0,1,0,2023
2023-11-04,2023,11,November,4,Saturday,4,44,2023-11,2023-Q4,2,Low,0,1,0,2023
2023-11-05,2023,11,November,4,Sunday,5,44,2023-11,2023-Q4,2,Low,0,1,0,2023
2023-11-06,2023,11,November,4,Monday,6,45,2023-11,2023-Q4,2,Low,0,1,0,2023
2023-11-07,2023,11,November,4,Tuesday,7,45,2023-11,2023-Q4,2,Low,0,1,0,2023
2023-11-08,2023,11,November,4,Wednesday,8,45,2023-11,2023-Q4,2,Low,0,1,0,2023
2023-11-09,2023,11,November,4,Thursday,9,45,2023-11,2023-Q4,2,Low,0,1,0,2023
2023-11-10,2023,11,November,4,Friday,10,45,2023-11,2023-Q4,2,Low,0,1,0,2023
2023-11-11,2023,11,November,4,Saturday,11,45,2023-11,2023-Q4,2,Low,0,1,0,2023
2023-11-12,2023,11,November,4,Sunday,12,45,2023-11,2023-Q4,2,Low,0,1,0,2023
2023-11-13,2023,11,November,4,Monday,13,46,2023-11,2023-Q4,2,Low,0,1,0,2023
2023-11-14,2023,11,November,4,Tuesday,14,46,2023-11,2023-Q4,2,Low,0,1,0,2023
2023-11-15,2023,11,November,4,Wednesday,15,46,2023-11,2023-Q4,2,Low,0,1,0,2023
2023-11-16,2023,11,November,4,Thursday,16,46,2023-11,2023-Q4,2,Low,0,1,0,2023
2023-11-17,2023,11,November,4,Friday,17,46,2023-11,2023-Q4,2,Low,0,1,0,2023
2023-11-18,2023,11,November,4,Saturday,18,46,2023-11,2023-Q4,2,Low,0,1,0,2023
2023-11-19,2023,11,November,4,Sunday,19,46,2023-11,2023-Q4,2,Low,0,1,0,2023
2023-11-20,2023,11,November,4,Monday,20,47,2023-11,2023-Q4,2,Low,0,1,0,2023
2023-11-21,2023,11,November,4,Tuesday,21,47,2023-11,2023-Q4,2,Low,0,1,0,2023
2023-11-22,2023,11,November,4,Wednesday,22,47,2023-11,2023-Q4,2,Low,0,1,0,2023
2023-11-23,2023,11,November,4,Thursday,23,47,2023-11,2023-Q4,2,Low,0,1,0,2023
2023-11-24,2023,11,November,4,Friday,24,47,2023-11,2023-Q4,2,Low,0,1,0,2023
2023-11-25,2023,11,November,4,Saturday,25,47,2023-11,2023-Q4,2,Low,0,1,0,2023
2023-11-26,2023,11,November,4,Sunday,26,47,2023-11,2023-Q4,2,Low,0,1,0,2023
2023-11-27,2023,11,November,4,Monday,27,48,2023-11,2023-Q4,2,Low,0,1,0,2023
2023-11-28,2023,11,November,4,Tuesday,28,48,2023-11,2023-Q4,2,Low,0,1,0,2023
2023-11-29,2023,11,November,4,Wednesday,29,48,2023-11,2023-Q4,2,Low,0,1,0,2023
2023-11-30,2023,11,November,4,Thursday,30,48,2023-11,2023-Q4,2,Low,0,1,0,2023
2023-12-01,2023,12,December,4,Friday,1,48,2023-12,2023-Q4,2,Peak,1,0,0,2023
2023-12-02,2023,12,December,4,Saturday,2,48,2023-12,2023-Q4,2,Peak,1,0,0,2023
2023-12-03,2023,12,December,4,Sunday,3,48,2023-12,2023-Q4,2,Peak,1,0,0,2023
2023-12-04,2023,12,December,4,Monday,4,49,2023-12,2023-Q4,2,Peak,1,0,0,2023
2023-12-05,2023,12,December,4,Tuesday,5,49,2023-12,2023-Q4,2,Peak,1,0,0,2023
2023-12-06,2023,12,December,4,Wednesday,6,49,2023-12,2023-Q4,2,Peak,1,0,0,2023
2023-12-07,2023,12,December,4,Thursday,7,49,2023-12,2023-Q4,2,Peak,1,0,0,2023
2023-12-08,2023,12,December,4,Friday,8,49,2023-12,2023-Q4,2,Peak,1,0,0,2023
2023-12-09,2023,12,December,4,Saturday,9,49,2023-12,2023-Q4,2,Peak,1,0,0,2023
2023-12-10,2023,12,December,4,Sunday,10,49,2023-12,2023-Q4,2,Peak,1,0,0,2023
2023-12-11,2023,12,December,4,Monday,11,50,2023-12,2023-Q4,2,Peak,1,0,0,2023
2023-12-12,2023,12,December,4,Tuesday,12,50,2023-12,2023-Q4,2,Peak,1,0,0,2023
2023-12-13,2023,12,December,4,Wednesday,13,50,2023-12,2023-Q4,2,Peak,1,0,0,2023
2023-12-14,2023,12,December,4,Thursday,14,50,2023-12,2023-Q4,2,Peak,1,0,0,2023
2023-12-15,2023,12,December,4,Friday,15,50,2023-12,2023-Q4,2,Peak,1,0,0,2023
2023-12-16,2023,12,December,4,Saturday,16,50,2023-12,2023-Q4,2,Peak,1,0,0,2023
2023-12-17,2023,12,December,4,Sunday,17,50,2023-12,2023-Q4,2,Peak,1,0,0,2023
2023-12-18,2023,12,December,4,Monday,18,51,2023-12,2023-Q4,2,Peak,1,0,0,2023
2023-12-19,2023,12,December,4,Tuesday,19,51,2023-12,2023-Q4,2,Peak,1,0,0,2023
2023-12-20,2023,12,December,4,Wednesday,20,51,2023-12,2023-Q4,2,Peak,1,0,0,2023
2023-12-21,2023,12,December,4,Thursday,21,51,2023-12,2023-Q4,2,Peak,1,0,0,2023
2023-12-22,2023,12,December,4,Friday,22,51,2023-12,2023-Q4,2,Peak,1,0,0,2023
2023-12-23,2023,12,December,4,Saturday,23,51,2023-12,2023-Q4,2,Peak,1,0,0,2023
2023-12-24,2023,12,December,4,Sunday,24,51,2023-12,2023-Q4,2,Peak,1,0,0,2023
2023-12-25,2023,12,December,4,Monday,25,52,2023-12,2023-Q4,2,Peak,1,0,0,2023
2023-12-26,2023,12,December,4,Tuesday,26,52,2023-12,2023-Q4,2,Peak,1,0,0,2023
2023-12-27,2023,12,December,4,Wednesday,27,52,2023-12,2023-Q4,2,Peak,1,0,0,2023
2023-12-28,2023,12,December,4,Thursday,28,52,2023-12,2023-Q4,2,Peak,1,0,0,2023
2023-12-29,2023,12,December,4,Friday,29,52,2023-12,2023-Q4,2,Peak,1,0,0,2023
2023-12-30,2023,12,December,4,Saturday,30,52,2023-12,2023-Q4,2,Peak,1,0,0,2023
2023-12-31,2023,12,December,4,Sunday,31,52,2023-12,2023-Q4,2,Peak,1,0,0,2023
2024-01-01,2024,1,January,1,Monday,1,1,2024-01,2024-Q1,3,Low,0,1,1,2024
2024-01-02,2024,1,January,1,Tuesday,2,1,2024-01,2024-Q1,3,Low,0,1,1,2024
2024-01-03,2024,1,January,1,Wednesday,3,1,2024-01,2024-Q1,3,Low,0,1,1,2024
2024-01-04,2024,1,January,1,Thursday,4,1,2024-01,2024-Q1,3,Low,0,1,1,2024
2024-01-05,2024,1,January,1,Friday,5,1,2024-01,2024-Q1,3,Low,0,1,1,2024
2024-01-06,2024,1,January,1,Saturday,6,1,2024-01,2024-Q1,3,Low,0,1,1,2024
2024-01-07,2024,1,January,1,Sunday,7,1,2024-01,2024-Q1,3,Low,0,1,1,2024
2024-01-08,2024,1,January,1,Monday,8,2,2024-01,2024-Q1,3,Low,0,1,1,2024
2024-01-09,2024,1,January,1,Tuesday,9,2,2024-01,2024-Q1,3,Low,0,1,1,2024
2024-01-10,2024,1,January,1,Wednesday,10,2,2024-01,2024-Q1,3,Low,0,1,1,2024
2024-01-11,2024,1,January,1,Thursday,11,2,2024-01,2024-Q1,3,Low,0,1,1,2024
2024-01-12,2024,1,January,1,Friday,12,2,2024-01,2024-Q1,3,Low,0,1,1,2024
2024-01-13,2024,1,January,1,Saturday,13,2,2024-01,2024-Q1,3,Low,0,1,1,2024
2024-01-14,2024,1,January,1,Sunday,14,2,2024-01,2024-Q1,3,Low,0,1,1,2024
2024-01-15,2024,1,January,1,Monday,15,3,2024-01,2024-Q1,3,Low,0,1,1,2024
2024-01-16,2024,1,January,1,Tuesday,16,3,2024-01,2024-Q1,3,Low,0,1,1,2024
2024-01-17,2024,1,January,1,Wednesday,17,3,2024-01,2024-Q1,3,Low,0,1,1,2024
2024-01-18,2024,1,January,1,Thursday,18,3,2024-01,2024-Q1,3,Low,0,1,1,2024
2024-01-19,2024,1,January,1,Friday,19,3,2024-01,2024-Q1,3,Low,0,1,1,2024
2024-01-20,2024,1,January,1,Saturday,20,3,2024-01,2024-Q1,3,Low,0,1,1,2024
2024-01-21,2024,1,January,1,Sunday,21,3,2024-01,2024-Q1,3,Low,0,1,1,2024
2024-01-22,2024,1,January,1,Monday,22,4,2024-01,2024-Q1,3,Low,0,1,1,2024
2024-01-23,2024,1,January,1,Tuesday,23,4,2024-01,2024-Q1,3,Low,0,1,1,2024
2024-01-24,2024,1,January,1,Wednesday,24,4,2024-01,2024-Q1,3,Low,0,1,1,2024
2024-01-25,2024,1,January,1,Thursday,25,4,2024-01,2024-Q1,3,Low,0,1,1,2024
2024-01-26,2024,1,January,1,Friday,26,4,2024-01,2024-Q1,3,Low,0,1,1,2024
2024-01-27,2024,1,January,1,Saturday,27,4,2024-01,2024-Q1,3,Low,0,1,1,2024
2024-01-28,2024,1,January,1,Sunday,28,4,2024-01,2024-Q1,3,Low,0,1,1,2024
2024-01-29,2024,1,January,1,Monday,29,5,2024-01,2024-Q1,3,Low,0,1,1,2024
2024-01-30,2024,1,January,1,Tuesday,30,5,2024-01,2024-Q1,3,Low,0,1,1,2024
2024-01-31,2024,1,January,1,Wednesday,31,5,2024-01,2024-Q1,3,Low,0,1,1,2024
2024-02-01,2024,2,February,1,Thursday,1,5,2024-02,2024-Q1,3,Low,0,1,1,2024
2024-02-02,2024,2,February,1,Friday,2,5,2024-02,2024-Q1,3,Low,0,1,1,2024
2024-02-03,2024,2,February,1,Saturday,3,5,2024-02,2024-Q1,3,Low,0,1,1,2024
2024-02-04,2024,2,February,1,Sunday,4,5,2024-02,2024-Q1,3,Low,0,1,1,2024
2024-02-05,2024,2,February,1,Monday,5,6,2024-02,2024-Q1,3,Low,0,1,1,2024
2024-02-06,2024,2,February,1,Tuesday,6,6,2024-02,2024-Q1,3,Low,0,1,1,2024
2024-02-07,2024,2,February,1,Wednesday,7,6,2024-02,2024-Q1,3,Low,0,1,1,2024
2024-02-08,2024,2,February,1,Thursday,8,6,2024-02,2024-Q1,3,Low,0,1,1,2024
2024-02-09,2024,2,February,1,Friday,9,6,2024-02,2024-Q1,3,Low,0,1,1,2024
2024-02-10,2024,2,February,1,Saturday,10,6,2024-02,2024-Q1,3,Low,0,1,1,2024
2024-02-11,2024,2,February,1,Sunday,11,6,2024-02,2024-Q1,3,Low,0,1,1,2024
2024-02-12,2024,2,February,1,Monday,12,7,2024-02,2024-Q1,3,Low,0,1,1,2024
2024-02-13,2024,2,February,1,Tuesday,13,7,2024-02,2024-Q1,3,Low,0,1,1,2024
2024-02-14,2024,2,February,1,Wednesday,14,7,2024-02,2024-Q1,3,Low,0,1,1,2024
2024-02-15,2024,2,February,1,Thursday,15,7,2024-02,2024-Q1,3,Low,0,1,1,2024
2024-02-16,2024,2,February,1,Friday,16,7,2024-02,2024-Q1,3,Low,0,1,1,2024
2024-02-17,2024,2,February,1,Saturday,17,7,2024-02,2024-Q1,3,Low,0,1,1,2024
2024-02-18,2024,2,February,1,Sunday,18,7,2024-02,2024-Q1,3,Low,0,1,1,2024
2024-02-19,2024,2,February,1,Monday,19,8,2024-02,2024-Q1,3,Low,0,1,1,2024
2024-02-20,2024,2,February,1,Tuesday,20,8,2024-02,2024-Q1,3,Low,0,1,1,2024
2024-02-21,2024,2,February,1,Wednesday,21,8,2024-02,2024-Q1,3,Low,0,1,1,2024
2024-02-22,2024,2,February,1,Thursday,22,8,2024-02,2024-Q1,3,Low,0,1,1,2024
2024-02-23,2024,2,February,1,Friday,23,8,2024-02,2024-Q1,3,Low,0,1,1,2024
2024-02-24,2024,2,February,1,Saturday,24,8,2024-02,2024-Q1,3,Low,0,1,1,2024
2024-02-25,2024,2,February,1,Sunday,25,8,2024-02,2024-Q1,3,Low,0,1,1,2024
2024-02-26,2024,2,February,1,Monday,26,9,2024-02,2024-Q1,3,Low,0,1,1,2024
2024-02-27,2024,2,February,1,Tuesday,27,9,2024-02,2024-Q1,3,Low,0,1,1,2024
2024-02-28,2024,2,February,1,Wednesday,28,9,2024-02,2024-Q1,3,Low,0,1,1,2024
2024-02-29,2024,2,February,1,Thursday,29,9,2024-02,2024-Q1,3,Low,0,1,1,2024
2024-03-01,2024,3,March,1,Friday,1,9,2024-03,2024-Q1,3,Shoulder,0,0,1,2024
2024-03-02,2024,3,March,1,Saturday,2,9,2024-03,2024-Q1,3,Shoulder,0,0,1,2024
2024-03-03,2024,3,March,1,Sunday,3,9,2024-03,2024-Q1,3,Shoulder,0,0,1,2024
2024-03-04,2024,3,March,1,Monday,4,10,2024-03,2024-Q1,3,Shoulder,0,0,1,2024
2024-03-05,2024,3,March,1,Tuesday,5,10,2024-03,2024-Q1,3,Shoulder,0,0,1,2024
2024-03-06,2024,3,March,1,Wednesday,6,10,2024-03,2024-Q1,3,Shoulder,0,0,1,2024
2024-03-07,2024,3,March,1,Thursday,7,10,2024-03,2024-Q1,3,Shoulder,0,0,1,2024
2024-03-08,2024,3,March,1,Friday,8,10,2024-03,2024-Q1,3,Shoulder,0,0,1,2024
2024-03-09,2024,3,March,1,Saturday,9,10,2024-03,2024-Q1,3,Shoulder,0,0,1,2024
2024-03-10,2024,3,March,1,Sunday,10,10,2024-03,2024-Q1,3,Shoulder,0,0,1,2024
2024-03-11,2024,3,March,1,Monday,11,11,2024-03,2024-Q1,3,Shoulder,0,0,1,2024
2024-03-12,2024,3,March,1,Tuesday,12,11,2024-03,2024-Q1,3,Shoulder,0,0,1,2024
2024-03-13,2024,3,March,1,Wednesday,13,11,2024-03,2024-Q1,3,Shoulder,0,0,1,2024
2024-03-14,2024,3,March,1,Thursday,14,11,2024-03,2024-Q1,3,Shoulder,0,0,1,2024
2024-03-15,2024,3,March,1,Friday,15,11,2024-03,2024-Q1,3,Shoulder,0,0,1,2024
2024-03-16,2024,3,March,1,Saturday,16,11,2024-03,2024-Q1,3,Shoulder,0,0,1,2024
2024-03-17,2024,3,March,1,Sunday,17,11,2024-03,2024-Q1,3,Shoulder,0,0,1,2024
2024-03-18,2024,3,March,1,Monday,18,12,2024-03,2024-Q1,3,Shoulder,0,0,1,2024
2024-03-19,2024,3,March,1,Tuesday,19,12,2024-03,2024-Q1,3,Shoulder,0,0,1,2024
2024-03-20,2024,3,March,1,Wednesday,20,12,2024-03,2024-Q1,3,Shoulder,0,0,1,2024
2024-03-21,2024,3,March,1,Thursday,21,12,2024-03,2024-Q1,3,Shoulder,0,0,1,2024
2024-03-22,2024,3,March,1,Friday,22,12,2024-03,2024-Q1,3,Shoulder,0,0,1,2024
2024-03-23,2024,3,March,1,Saturday,23,12,2024-03,2024-Q1,3,Shoulder,0,0,1,2024
2024-03-24,2024,3,March,1,Sunday,24,12,2024-03,2024-Q1,3,Shoulder,0,0,1,2024
2024-03-25,2024,3,March,1,Monday,25,13,2024-03,2024-Q1,3,Shoulder,0,0,1,2024
2024-03-26,2024,3,March,1,Tuesday,26,13,2024-03,2024-Q1,3,Shoulder,0,0,1,2024
2024-03-27,2024,3,March,1,Wednesday,27,13,2024-03,2024-Q1,3,Shoulder,0,0,1,2024
2024-03-28,2024,3,March,1,Thursday,28,13,2024-03,2024-Q1,3,Shoulder,0,0,1,2024
2024-03-29,2024,3,March,1,Friday,29,13,2024-03,2024-Q1,3,Shoulder,0,0,1,2024
2024-03-30,2024,3,March,1,Saturday,30,13,2024-03,2024-Q1,3,Shoulder,0,0,1,2024
2024-03-31,2024,3,March,1,Sunday,31,13,2024-03,2024-Q1,3,Shoulder,0,0,1,2024
2024-04-01,2024,4,April,2,Monday,1,14,2024-04,2024-Q2,3,Shoulder,0,0,1,2024
2024-04-02,2024,4,April,2,Tuesday,2,14,2024-04,2024-Q2,3,Shoulder,0,0,1,2024
2024-04-03,2024,4,April,2,Wednesday,3,14,2024-04,2024-Q2,3,Shoulder,0,0,1,2024
2024-04-04,2024,4,April,2,Thursday,4,14,2024-04,2024-Q2,3,Shoulder,0,0,1,2024
2024-04-05,2024,4,April,2,Friday,5,14,2024-04,2024-Q2,3,Shoulder,0,0,1,2024
2024-04-06,2024,4,April,2,Saturday,6,14,2024-04,2024-Q2,3,Shoulder,0,0,1,2024
2024-04-07,2024,4,April,2,Sunday,7,14,2024-04,2024-Q2,3,Shoulder,0,0,1,2024
2024-04-08,2024,4,April,2,Monday,8,15,2024-04,2024-Q2,3,Shoulder,0,0,1,2024
2024-04-09,2024,4,April,2,Tuesday,9,15,2024-04,2024-Q2,3,Shoulder,0,0,1,2024
2024-04-10,2024,4,April,2,Wednesday,10,15,2024-04,2024-Q2,3,Shoulder,0,0,1,2024
2024-04-11,2024,4,April,2,Thursday,11,15,2024-04,2024-Q2,3,Shoulder,0,0,1,2024
2024-04-12,2024,4,April,2,Friday,12,15,2024-04,2024-Q2,3,Shoulder,0,0,1,2024
2024-04-13,2024,4,April,2,Saturday,13,15,2024-04,2024-Q2,3,Shoulder,0,0,1,2024
2024-04-14,2024,4,April,2,Sunday,14,15,2024-04,2024-Q2,3,Shoulder,0,0,1,2024
2024-04-15,2024,4,April,2,Monday,15,16,2024-04,2024-Q2,3,Shoulder,0,0,1,2024
2024-04-16,2024,4,April,2,Tuesday,16,16,2024-04,2024-Q2,3,Shoulder,0,0,1,2024
2024-04-17,2024,4,April,2,Wednesday,17,16,2024-04,2024-Q2,3,Shoulder,0,0,1,2024
2024-04-18,2024,4,April,2,Thursday,18,16,2024-04,2024-Q2,3,Shoulder,0,0,1,2024
2024-04-19,2024,4,April,2,Friday,19,16,2024-04,2024-Q2,3,Shoulder,0,0,1,2024
2024-04-20,2024,4,April,2,Saturday,20,16,2024-04,2024-Q2,3,Shoulder,0,0,1,2024
2024-04-21,2024,4,April,2,Sunday,21,16,2024-04,2024-Q2,3,Shoulder,0,0,1,2024
2024-04-22,2024,4,April,2,Monday,22,17,2024-04,2024-Q2,3,Shoulder,0,0,1,2024
2024-04-23,2024,4,April,2,Tuesday,23,17,2024-04,2024-Q2,3,Shoulder,0,0,1,2024
2024-04-24,2024,4,April,2,Wednesday,24,17,2024-04,2024-Q2,3,Shoulder,0,0,1,2024
2024-04-25,2024,4,April,2,Thursday,25,17,2024-04,2024-Q2,3,Shoulder,0,0,1,2024
2024-04-26,2024,4,April,2,Friday,26,17,2024-04,2024-Q2,3,Shoulder,0,0,1,2024
2024-04-27,2024,4,April,2,Saturday,27,17,2024-04,2024-Q2,3,Shoulder,0,0,1,2024
2024-04-28,2024,4,April,2,Sunday,28,17,2024-04,2024-Q2,3,Shoulder,0,0,1,2024
2024-04-29,2024,4,April,2,Monday,29,18,2024-04,2024-Q2,3,Shoulder,0,0,1,2024
2024-04-30,2024,4,April,2,Tuesday,30,18,2024-04,2024-Q2,3,Shoulder,0,0,1,2024
2024-05-01,2024,5,May,2,Wednesday,1,18,2024-05,2024-Q2,3,Low,0,1,1,2024
2024-05-02,2024,5,May,2,Thursday,2,18,2024-05,2024-Q2,3,Low,0,1,1,2024
2024-05-03,2024,5,May,2,Friday,3,18,2024-05,2024-Q2,3,Low,0,1,1,2024
2024-05-04,2024,5,May,2,Saturday,4,18,2024-05,2024-Q2,3,Low,0,1,1,2024
2024-05-05,2024,5,May,2,Sunday,5,18,2024-05,2024-Q2,3,Low,0,1,1,2024
2024-05-06,2024,5,May,2,Monday,6,19,2024-05,2024-Q2,3,Low,0,1,1,2024
2024-05-07,2024,5,May,2,Tuesday,7,19,2024-05,2024-Q2,3,Low,0,1,1,2024
2024-05-08,2024,5,May,2,Wednesday,8,19,2024-05,2024-Q2,3,Low,0,1,1,2024
2024-05-09,2024,5,May,2,Thursday,9,19,2024-05,2024-Q2,3,Low,0,1,1,2024
2024-05-10,2024,5,May,2,Friday,10,19,2024-05,2024-Q2,3,Low,0,1,1,2024
2024-05-11,2024,5,May,2,Saturday,11,19,2024-05,2024-Q2,3,Low,0,1,1,2024
2024-05-12,2024,5,May,2,Sunday,12,19,2024-05,2024-Q2,3,Low,0,1,1,2024
2024-05-13,2024,5,May,2,Monday,13,20,2024-05,2024-Q2,3,Low,0,1,1,2024
2024-05-14,2024,5,May,2,Tuesday,14,20,2024-05,2024-Q2,3,Low,0,1,1,2024
2024-05-15,2024,5,May,2,Wednesday,15,20,2024-05,2024-Q2,3,Low,0,1,1,2024
2024-05-16,2024,5,May,2,Thursday,16,20,2024-05,2024-Q2,3,Low,0,1,1,2024
2024-05-17,2024,5,May,2,Friday,17,20,2024-05,2024-Q2,3,Low,0,1,1,2024
2024-05-18,2024,5,May,2,Saturday,18,20,2024-05,2024-Q2,3,Low,0,1,1,2024
2024-05-19,2024,5,May,2,Sunday,19,20,2024-05,2024-Q2,3,Low,0,1,1,2024
2024-05-20,2024,5,May,2,Monday,20,21,2024-05,2024-Q2,3,Low,0,1,1,2024
2024-05-21,2024,5,May,2,Tuesday,21,21,2024-05,2024-Q2,3,Low,0,1,1,2024
2024-05-22,2024,5,May,2,Wednesday,22,21,2024-05,2024-Q2,3,Low,0,1,1,2024
2024-05-23,2024,5,May,2,Thursday,23,21,2024-05,2024-Q2,3,Low,0,1,1,2024
2024-05-24,2024,5,May,2,Friday,24,21,2024-05,2024-Q2,3,Low,0,1,1,2024
2024-05-25,2024,5,May,2,Saturday,25,21,2024-05,2024-Q2,3,Low,0,1,1,2024
2024-05-26,2024,5,May,2,Sunday,26,21,2024-05,2024-Q2,3,Low,0,1,1,2024
2024-05-27,2024,5,May,2,Monday,27,22,2024-05,2024-Q2,3,Low,0,1,1,2024
2024-05-28,2024,5,May,2,Tuesday,28,22,2024-05,2024-Q2,3,Low,0,1,1,2024
2024-05-29,2024,5,May,2,Wednesday,29,22,2024-05,2024-Q2,3,Low,0,1,1,2024
2024-05-30,2024,5,May,2,Thursday,30,22,2024-05,2024-Q2,3,Low,0,1,1,2024
2024-05-31,2024,5,May,2,Friday,31,22,2024-05,2024-Q2,3,Low,0,1,1,2024
2024-06-01,2024,6,June,2,Saturday,1,22,2024-06,2024-Q2,3,Peak,1,0,1,2024
2024-06-02,2024,6,June,2,Sunday,2,22,2024-06,2024-Q2,3,Peak,1,0,1,2024
2024-06-03,2024,6,June,2,Monday,3,23,2024-06,2024-Q2,3,Peak,1,0,1,2024
2024-06-04,2024,6,June,2,Tuesday,4,23,2024-06,2024-Q2,3,Peak,1,0,1,2024
2024-06-05,2024,6,June,2,Wednesday,5,23,2024-06,2024-Q2,3,Peak,1,0,1,2024
2024-06-06,2024,6,June,2,Thursday,6,23,2024-06,2024-Q2,3,Peak,1,0,1,2024
2024-06-07,2024,6,June,2,Friday,7,23,2024-06,2024-Q2,3,Peak,1,0,1,2024
2024-06-08,2024,6,June,2,Saturday,8,23,2024-06,2024-Q2,3,Peak,1,0,1,2024
2024-06-09,2024,6,June,2,Sunday,9,23,2024-06,2024-Q2,3,Peak,1,0,1,2024
2024-06-10,2024,6,June,2,Monday,10,24,2024-06,2024-Q2,3,Peak,1,0,1,2024
2024-06-11,2024,6,June,2,Tuesday,11,24,2024-06,2024-Q2,3,Peak,1,0,1,2024
2024-06-12,2024,6,June,2,Wednesday,12,24,2024-06,2024-Q2,3,Peak,1,0,1,2024
2024-06-13,2024,6,June,2,Thursday,13,24,2024-06,2024-Q2,3,Peak,1,0,1,2024
2024-06-14,2024,6,June,2,Friday,14,24,2024-06,2024-Q2,3,Peak,1,0,1,2024
2024-06-15,2024,6,June,2,Saturday,15,24,2024-06,2024-Q2,3,Peak,1,0,1,2024
2024-06-16,2024,6,June,2,Sunday,16,24,2024-06,2024-Q2,3,Peak,1,0,1,2024
2024-06-17,2024,6,June,2,Monday,17,25,2024-06,2024-Q2,3,Peak,1,0,1,2024
2024-06-18,2024,6,June,2,Tuesday,18,25,2024-06,2024-Q2,3,Peak,1,0,1,2024
2024-06-19,2024,6,June,2,Wednesday,19,25,2024-06,2024-Q2,3,Peak,1,0,1,2024
2024-06-20,2024,6,June,2,Thursday,20,25,2024-06,2024-Q2,3,Peak,1,0,1,2024
2024-06-21,2024,6,June,2,Friday,21,25,2024-06,2024-Q2,3,Peak,1,0,1,2024
2024-06-22,2024,6,June,2,Saturday,22,25,2024-06,2024-Q2,3,Peak,1,0,1,2024
2024-06-23,2024,6,June,2,Sunday,23,25,2024-06,2024-Q2,3,Peak,1,0,1,2024
2024-06-24,2024,6,June,2,Monday,24,26,2024-06,2024-Q2,3,Peak,1,0,1,2024
2024-06-25,2024,6,June,2,Tuesday,25,26,2024-06,2024-Q2,3,Peak,1,0,1,2024
2024-06-26,2024,6,June,2,Wednesday,26,26,2024-06,2024-Q2,3,Peak,1,0,1,2024
2024-06-27,2024,6,June,2,Thursday,27,26,2024-06,2024-Q2,3,Peak,1,0,1,2024
2024-06-28,2024,6,June,2,Friday,28,26,2024-06,2024-Q2,3,Peak,1,0,1,2024
2024-06-29,2024,6,June,2,Saturday,29,26,2024-06,2024-Q2,3,Peak,1,0,1,2024
2024-06-30,2024,6,June,2,Sunday,30,26,2024-06,2024-Q2,3,Peak,1,0,1,2024
2024-07-01,2024,7,July,3,Monday,1,27,2024-07,2024-Q3,3,Peak,1,0,1,2024
2024-07-02,2024,7,July,3,Tuesday,2,27,2024-07,2024-Q3,3,Peak,1,0,1,2024
2024-07-03,2024,7,July,3,Wednesday,3,27,2024-07,2024-Q3,3,Peak,1,0,1,2024
2024-07-04,2024,7,July,3,Thursday,4,27,2024-07,2024-Q3,3,Peak,1,0,1,2024
2024-07-05,2024,7,July,3,Friday,5,27,2024-07,2024-Q3,3,Peak,1,0,1,2024
2024-07-06,2024,7,July,3,Saturday,6,27,2024-07,2024-Q3,3,Peak,1,0,1,2024
2024-07-07,2024,7,July,3,Sunday,7,27,2024-07,2024-Q3,3,Peak,1,0,1,2024
2024-07-08,2024,7,July,3,Monday,8,28,2024-07,2024-Q3,3,Peak,1,0,1,2024
2024-07-09,2024,7,July,3,Tuesday,9,28,2024-07,2024-Q3,3,Peak,1,0,1,2024
2024-07-10,2024,7,July,3,Wednesday,10,28,2024-07,2024-Q3,3,Peak,1,0,1,2024
2024-07-11,2024,7,July,3,Thursday,11,28,2024-07,2024-Q3,3,Peak,1,0,1,2024
2024-07-12,2024,7,July,3,Friday,12,28,2024-07,2024-Q3,3,Peak,1,0,1,2024
2024-07-13,2024,7,July,3,Saturday,13,28,2024-07,2024-Q3,3,Peak,1,0,1,2024
2024-07-14,2024,7,July,3,Sunday,14,28,2024-07,2024-Q3,3,Peak,1,0,1,2024
2024-07-15,2024,7,July,3,Monday,15,29,2024-07,2024-Q3,3,Peak,1,0,1,2024
2024-07-16,2024,7,July,3,Tuesday,16,29,2024-07,2024-Q3,3,Peak,1,0,1,2024
2024-07-17,2024,7,July,3,Wednesday,17,29,2024-07,2024-Q3,3,Peak,1,0,1,2024
2024-07-18,2024,7,July,3,Thursday,18,29,2024-07,2024-Q3,3,Peak,1,0,1,2024
2024-07-19,2024,7,July,3,Friday,19,29,2024-07,2024-Q3,3,Peak,1,0,1,2024
2024-07-20,2024,7,July,3,Saturday,20,29,2024-07,2024-Q3,3,Peak,1,0,1,2024
2024-07-21,2024,7,July,3,Sunday,21,29,2024-07,2024-Q3,3,Peak,1,0,1,2024
2024-07-22,2024,7,July,3,Monday,22,30,2024-07,2024-Q3,3,Peak,1,0,1,2024
2024-07-23,2024,7,July,3,Tuesday,23,30,2024-07,2024-Q3,3,Peak,1,0,1,2024
2024-07-24,2024,7,July,3,Wednesday,24,30,2024-07,2024-Q3,3,Peak,1,0,1,2024
2024-07-25,2024,7,July,3,Thursday,25,30,2024-07,2024-Q3,3,Peak,1,0,1,2024
2024-07-26,2024,7,July,3,Friday,26,30,2024-07,2024-Q3,3,Peak,1,0,1,2024
2024-07-27,2024,7,July,3,Saturday,27,30,2024-07,2024-Q3,3,Peak,1,0,1,2024
2024-07-28,2024,7,July,3,Sunday,28,30,2024-07,2024-Q3,3,Peak,1,0,1,2024
2024-07-29,2024,7,July,3,Monday,29,31,2024-07,2024-Q3,3,Peak,1,0,1,2024
2024-07-30,2024,7,July,3,Tuesday,30,31,2024-07,2024-Q3,3,Peak,1,0,1,2024
2024-07-31,2024,7,July,3,Wednesday,31,31,2024-07,2024-Q3,3,Peak,1,0,1,2024
2024-08-01,2024,8,August,3,Thursday,1,31,2024-08,2024-Q3,3,Peak,1,0,1,2024
2024-08-02,2024,8,August,3,Friday,2,31,2024-08,2024-Q3,3,Peak,1,0,1,2024
2024-08-03,2024,8,August,3,Saturday,3,31,2024-08,2024-Q3,3,Peak,1,0,1,2024
2024-08-04,2024,8,August,3,Sunday,4,31,2024-08,2024-Q3,3,Peak,1,0,1,2024
2024-08-05,2024,8,August,3,Monday,5,32,2024-08,2024-Q3,3,Peak,1,0,1,2024
2024-08-06,2024,8,August,3,Tuesday,6,32,2024-08,2024-Q3,3,Peak,1,0,1,2024
2024-08-07,2024,8,August,3,Wednesday,7,32,2024-08,2024-Q3,3,Peak,1,0,1,2024
2024-08-08,2024,8,August,3,Thursday,8,32,2024-08,2024-Q3,3,Peak,1,0,1,2024
2024-08-09,2024,8,August,3,Friday,9,32,2024-08,2024-Q3,3,Peak,1,0,1,2024
2024-08-10,2024,8,August,3,Saturday,10,32,2024-08,2024-Q3,3,Peak,1,0,1,2024
2024-08-11,2024,8,August,3,Sunday,11,32,2024-08,2024-Q3,3,Peak,1,0,1,2024
2024-08-12,2024,8,August,3,Monday,12,33,2024-08,2024-Q3,3,Peak,1,0,1,2024
2024-08-13,2024,8,August,3,Tuesday,13,33,2024-08,2024-Q3,3,Peak,1,0,1,2024
2024-08-14,2024,8,August,3,Wednesday,14,33,2024-08,2024-Q3,3,Peak,1,0,1,2024
2024-08-15,2024,8,August,3,Thursday,15,33,2024-08,2024-Q3,3,Peak,1,0,1,2024
2024-08-16,2024,8,August,3,Friday,16,33,2024-08,2024-Q3,3,Peak,1,0,1,2024
2024-08-17,2024,8,August,3,Saturday,17,33,2024-08,2024-Q3,3,Peak,1,0,1,2024
2024-08-18,2024,8,August,3,Sunday,18,33,2024-08,2024-Q3,3,Peak,1,0,1,2024
2024-08-19,2024,8,August,3,Monday,19,34,2024-08,2024-Q3,3,Peak,1,0,1,2024
2024-08-20,2024,8,August,3,Tuesday,20,34,2024-08,2024-Q3,3,Peak,1,0,1,2024
2024-08-21,2024,8,August,3,Wednesday,21,34,2024-08,2024-Q3,3,Peak,1,0,1,2024
2024-08-22,2024,8,August,3,Thursday,22,34,2024-08,2024-Q3,3,Peak,1,0,1,2024
2024-08-23,2024,8,August,3,Friday,23,34,2024-08,2024-Q3,3,Peak,1,0,1,2024
2024-08-24,2024,8,August,3,Saturday,24,34,2024-08,2024-Q3,3,Peak,1,0,1,2024
2024-08-25,2024,8,August,3,Sunday,25,34,2024-08,2024-Q3,3,Peak,1,0,1,2024
2024-08-26,2024,8,August,3,Monday,26,35,2024-08,2024-Q3,3,Peak,1,0,1,2024
2024-08-27,2024,8,August,3,Tuesday,27,35,2024-08,2024-Q3,3,Peak,1,0,1,2024
2024-08-28,2024,8,August,3,Wednesday,28,35,2024-08,2024-Q3,3,Peak,1,0,1,2024
2024-08-29,2024,8,August,3,Thursday,29,35,2024-08,2024-Q3,3,Peak,1,0,1,2024
2024-08-30,2024,8,August,3,Friday,30,35,2024-08,2024-Q3,3,Peak,1,0,1,2024
2024-08-31,2024,8,August,3,Saturday,31,35,2024-08,2024-Q3,3,Peak,1,0,1,2024
2024-09-01,2024,9,September,3,Sunday,1,35,2024-09,2024-Q3,3,Shoulder,0,0,1,2024
2024-09-02,2024,9,September,3,Monday,2,36,2024-09,2024-Q3,3,Shoulder,0,0,1,2024
2024-09-03,2024,9,September,3,Tuesday,3,36,2024-09,2024-Q3,3,Shoulder,0,0,1,2024
2024-09-04,2024,9,September,3,Wednesday,4,36,2024-09,2024-Q3,3,Shoulder,0,0,1,2024
2024-09-05,2024,9,September,3,Thursday,5,36,2024-09,2024-Q3,3,Shoulder,0,0,1,2024
2024-09-06,2024,9,September,3,Friday,6,36,2024-09,2024-Q3,3,Shoulder,0,0,1,2024
2024-09-07,2024,9,September,3,Saturday,7,36,2024-09,2024-Q3,3,Shoulder,0,0,1,2024
2024-09-08,2024,9,September,3,Sunday,8,36,2024-09,2024-Q3,3,Shoulder,0,0,1,2024
2024-09-09,2024,9,September,3,Monday,9,37,2024-09,2024-Q3,3,Shoulder,0,0,1,2024
2024-09-10,2024,9,September,3,Tuesday,10,37,2024-09,2024-Q3,3,Shoulder,0,0,1,2024
2024-09-11,2024,9,September,3,Wednesday,11,37,2024-09,2024-Q3,3,Shoulder,0,0,1,2024
2024-09-12,2024,9,September,3,Thursday,12,37,2024-09,2024-Q3,3,Shoulder,0,0,1,2024
2024-09-13,2024,9,September,3,Friday,13,37,2024-09,2024-Q3,3,Shoulder,0,0,1,2024
2024-09-14,2024,9,September,3,Saturday,14,37,2024-09,2024-Q3,3,Shoulder,0,0,1,2024
2024-09-15,2024,9,September,3,Sunday,15,37,2024-09,2024-Q3,3,Shoulder,0,0,1,2024
2024-09-16,2024,9,September,3,Monday,16,38,2024-09,2024-Q3,3,Shoulder,0,0,1,2024
2024-09-17,2024,9,September,3,Tuesday,17,38,2024-09,2024-Q3,3,Shoulder,0,0,1,2024
2024-09-18,2024,9,September,3,Wednesday,18,38,2024-09,2024-Q3,3,Shoulder,0,0,1,2024
2024-09-19,2024,9,September,3,Thursday,19,38,2024-09,2024-Q3,3,Shoulder,0,0,1,2024
2024-09-20,2024,9,September,3,Friday,20,38,2024-09,2024-Q3,3,Shoulder,0,0,1,2024
2024-09-21,2024,9,September,3,Saturday,21,38,2024-09,2024-Q3,3,Shoulder,0,0,1,2024
2024-09-22,2024,9,September,3,Sunday,22,38,2024-09,2024-Q3,3,Shoulder,0,0,1,2024
2024-09-23,2024,9,September,3,Monday,23,39,2024-09,2024-Q3,3,Shoulder,0,0,1,2024
2024-09-24,2024,9,September,3,Tuesday,24,39,2024-09,2024-Q3,3,Shoulder,0,0,1,2024
2024-09-25,2024,9,September,3,Wednesday,25,39,2024-09,2024-Q3,3,Shoulder,0,0,1,2024
2024-09-26,2024,9,September,3,Thursday,26,39,2024-09,2024-Q3,3,Shoulder,0,0,1,2024
2024-09-27,2024,9,September,3,Friday,27,39,2024-09,2024-Q3,3,Shoulder,0,0,1,2024
2024-09-28,2024,9,September,3,Saturday,28,39,2024-09,2024-Q3,3,Shoulder,0,0,1,2024
2024-09-29,2024,9,September,3,Sunday,29,39,2024-09,2024-Q3,3,Shoulder,0,0,1,2024
2024-09-30,2024,9,September,3,Monday,30,40,2024-09,2024-Q3,3,Shoulder,0,0,1,2024
2024-10-01,2024,10,October,4,Tuesday,1,40,2024-10,2024-Q4,3,Shoulder,0,0,1,2024
2024-10-02,2024,10,October,4,Wednesday,2,40,2024-10,2024-Q4,3,Shoulder,0,0,1,2024
2024-10-03,2024,10,October,4,Thursday,3,40,2024-10,2024-Q4,3,Shoulder,0,0,1,2024
2024-10-04,2024,10,October,4,Friday,4,40,2024-10,2024-Q4,3,Shoulder,0,0,1,2024
2024-10-05,2024,10,October,4,Saturday,5,40,2024-10,2024-Q4,3,Shoulder,0,0,1,2024
2024-10-06,2024,10,October,4,Sunday,6,40,2024-10,2024-Q4,3,Shoulder,0,0,1,2024
2024-10-07,2024,10,October,4,Monday,7,41,2024-10,2024-Q4,3,Shoulder,0,0,1,2024
2024-10-08,2024,10,October,4,Tuesday,8,41,2024-10,2024-Q4,3,Shoulder,0,0,1,2024
2024-10-09,2024,10,October,4,Wednesday,9,41,2024-10,2024-Q4,3,Shoulder,0,0,1,2024
2024-10-10,2024,10,October,4,Thursday,10,41,2024-10,2024-Q4,3,Shoulder,0,0,1,2024
2024-10-11,2024,10,October,4,Friday,11,41,2024-10,2024-Q4,3,Shoulder,0,0,1,2024
2024-10-12,2024,10,October,4,Saturday,12,41,2024-10,2024-Q4,3,Shoulder,0,0,1,2024
2024-10-13,2024,10,October,4,Sunday,13,41,2024-10,2024-Q4,3,Shoulder,0,0,1,2024
2024-10-14,2024,10,October,4,Monday,14,42,2024-10,2024-Q4,3,Shoulder,0,0,1,2024
2024-10-15,2024,10,October,4,Tuesday,15,42,2024-10,2024-Q4,3,Shoulder,0,0,1,2024
2024-10-16,2024,10,October,4,Wednesday,16,42,2024-10,2024-Q4,3,Shoulder,0,0,1,2024
2024-10-17,2024,10,October,4,Thursday,17,42,2024-10,2024-Q4,3,Shoulder,0,0,1,2024
2024-10-18,2024,10,October,4,Friday,18,42,2024-10,2024-Q4,3,Shoulder,0,0,1,2024
2024-10-19,2024,10,October,4,Saturday,19,42,2024-10,2024-Q4,3,Shoulder,0,0,1,2024
2024-10-20,2024,10,October,4,Sunday,20,42,2024-10,2024-Q4,3,Shoulder,0,0,1,2024
2024-10-21,2024,10,October,4,Monday,21,43,2024-10,2024-Q4,3,Shoulder,0,0,1,2024
2024-10-22,2024,10,October,4,Tuesday,22,43,2024-10,2024-Q4,3,Shoulder,0,0,1,2024
2024-10-23,2024,10,October,4,Wednesday,23,43,2024-10,2024-Q4,3,Shoulder,0,0,1,2024
2024-10-24,2024,10,October,4,Thursday,24,43,2024-10,2024-Q4,3,Shoulder,0,0,1,2024
2024-10-25,2024,10,October,4,Friday,25,43,2024-10,2024-Q4,3,Shoulder,0,0,1,2024
2024-10-26,2024,10,October,4,Saturday,26,43,2024-10,2024-Q4,3,Shoulder,0,0,1,2024
2024-10-27,2024,10,October,4,Sunday,27,43,2024-10,2024-Q4,3,Shoulder,0,0,1,2024
2024-10-28,2024,10,October,4,Monday,28,44,2024-10,2024-Q4,3,Shoulder,0,0,1,2024
2024-10-29,2024,10,October,4,Tuesday,29,44,2024-10,2024-Q4,3,Shoulder,0,0,1,2024
2024-10-30,2024,10,October,4,Wednesday,30,44,2024-10,2024-Q4,3,Shoulder,0,0,1,2024
2024-10-31,2024,10,October,4,Thursday,31,44,2024-10,2024-Q4,3,Shoulder,0,0,1,2024
2024-11-01,2024,11,November,4,Friday,1,44,2024-11,2024-Q4,3,Low,0,1,1,2024
2024-11-02,2024,11,November,4,Saturday,2,44,2024-11,2024-Q4,3,Low,0,1,1,2024
2024-11-03,2024,11,November,4,Sunday,3,44,2024-11,2024-Q4,3,Low,0,1,1,2024
2024-11-04,2024,11,November,4,Monday,4,45,2024-11,2024-Q4,3,Low,0,1,1,2024
2024-11-05,2024,11,November,4,Tuesday,5,45,2024-11,2024-Q4,3,Low,0,1,1,2024
2024-11-06,2024,11,November,4,Wednesday,6,45,2024-11,2024-Q4,3,Low,0,1,1,2024
2024-11-07,2024,11,November,4,Thursday,7,45,2024-11,2024-Q4,3,Low,0,1,1,2024
2024-11-08,2024,11,November,4,Friday,8,45,2024-11,2024-Q4,3,Low,0,1,1,2024
2024-11-09,2024,11,November,4,Saturday,9,45,2024-11,2024-Q4,3,Low,0,1,1,2024
2024-11-10,2024,11,November,4,Sunday,10,45,2024-11,2024-Q4,3,Low,0,1,1,2024
2024-11-11,2024,11,November,4,Monday,11,46,2024-11,2024-Q4,3,Low,0,1,1,2024
2024-11-12,2024,11,November,4,Tuesday,12,46,2024-11,2024-Q4,3,Low,0,1,1,2024
2024-11-13,2024,11,November,4,Wednesday,13,46,2024-11,2024-Q4,3,Low,0,1,1,2024
2024-11-14,2024,11,November,4,Thursday,14,46,2024-11,2024-Q4,3,Low,0,1,1,2024
2024-11-15,2024,11,November,4,Friday,15,46,2024-11,2024-Q4,3,Low,0,1,1,2024
2024-11-16,2024,11,November,4,Saturday,16,46,2024-11,2024-Q4,3,Low,0,1,1,2024
2024-11-17,2024,11,November,4,Sunday,17,46,2024-11,2024-Q4,3,Low,0,1,1,2024
2024-11-18,2024,11,November,4,Monday,18,47,2024-11,2024-Q4,3,Low,0,1,1,2024
2024-11-19,2024,11,November,4,Tuesday,19,47,2024-11,2024-Q4,3,Low,0,1,1,2024
2024-11-20,2024,11,November,4,Wednesday,20,47,2024-11,2024-Q4,3,Low,0,1,1,2024
2024-11-21,2024,11,November,4,Thursday,21,47,2024-11,2024-Q4,3,Low,0,1,1,2024
2024-11-22,2024,11,November,4,Friday,22,47,2024-11,2024-Q4,3,Low,0,1,1,2024
2024-11-23,2024,11,November,4,Saturday,23,47,2024-11,2024-Q4,3,Low,0,1,1,2024
2024-11-24,2024,11,November,4,Sunday,24,47,2024-11,2024-Q4,3,Low,0,1,1,2024
2024-11-25,2024,11,November,4,Monday,25,48,2024-11,2024-Q4,3,Low,0,1,1,2024
2024-11-26,2024,11,November,4,Tuesday,26,48,2024-11,2024-Q4,3,Low,0,1,1,2024
2024-11-27,2024,11,November,4,Wednesday,27,48,2024-11,2024-Q4,3,Low,0,1,1,2024
2024-11-28,2024,11,November,4,Thursday,28,48,2024-11,2024-Q4,3,Low,0,1,1,2024
2024-11-29,2024,11,November,4,Friday,29,48,2024-11,2024-Q4,3,Low,0,1,1,2024
2024-11-30,2024,11,November,4,Saturday,30,48,2024-11,2024-Q4,3,Low,0,1,1,2024
2024-12-01,2024,12,December,4,Sunday,1,48,2024-12,2024-Q4,3,Peak,1,0,1,2024
2024-12-02,2024,12,December,4,Monday,2,49,2024-12,2024-Q4,3,Peak,1,0,1,2024
2024-12-03,2024,12,December,4,Tuesday,3,49,2024-12,2024-Q4,3,Peak,1,0,1,2024
2024-12-04,2024,12,December,4,Wednesday,4,49,2024-12,2024-Q4,3,Peak,1,0,1,2024
2024-12-05,2024,12,December,4,Thursday,5,49,2024-12,2024-Q4,3,Peak,1,0,1,2024
2024-12-06,2024,12,December,4,Friday,6,49,2024-12,2024-Q4,3,Peak,1,0,1,2024
2024-12-07,2024,12,December,4,Saturday,7,49,2024-12,2024-Q4,3,Peak,1,0,1,2024
2024-12-08,2024,12,December,4,Sunday,8,49,2024-12,2024-Q4,3,Peak,1,0,1,2024
2024-12-09,2024,12,December,4,Monday,9,50,2024-12,2024-Q4,3,Peak,1,0,1,2024
2024-12-10,2024,12,December,4,Tuesday,10,50,2024-12,2024-Q4,3,Peak,1,0,1,2024
2024-12-11,2024,12,December,4,Wednesday,11,50,2024-12,2024-Q4,3,Peak,1,0,1,2024
2024-12-12,2024,12,December,4,Thursday,12,50,2024-12,2024-Q4,3,Peak,1,0,1,2024
2024-12-13,2024,12,December,4,Friday,13,50,2024-12,2024-Q4,3,Peak,1,0,1,2024
2024-12-14,2024,12,December,4,Saturday,14,50,2024-12,2024-Q4,3,Peak,1,0,1,2024
2024-12-15,2024,12,December,4,Sunday,15,50,2024-12,2024-Q4,3,Peak,1,0,1,2024
2024-12-16,2024,12,December,4,Monday,16,51,2024-12,2024-Q4,3,Peak,1,0,1,2024
2024-12-17,2024,12,December,4,Tuesday,17,51,2024-12,2024-Q4,3,Peak,1,0,1,2024
2024-12-18,2024,12,December,4,Wednesday,18,51,2024-12,2024-Q4,3,Peak,1,0,1,2024
2024-12-19,2024,12,December,4,Thursday,19,51,2024-12,2024-Q4,3,Peak,1,0,1,2024
2024-12-20,2024,12,December,4,Friday,20,51,2024-12,2024-Q4,3,Peak,1,0,1,2024
2024-12-21,2024,12,December,4,Saturday,21,51,2024-12,2024-Q4,3,Peak,1,0,1,2024
2024-12-22,2024,12,December,4,Sunday,22,51,2024-12,2024-Q4,3,Peak,1,0,1,2024
2024-12-23,2024,12,December,4,Monday,23,52,2024-12,2024-Q4,3,Peak,1,0,1,2024
2024-12-24,2024,12,December,4,Tuesday,24,52,2024-12,2024-Q4,3,Peak,1,0,1,2024
2024-12-25,2024,12,December,4,Wednesday,25,52,2024-12,2024-Q4,3,Peak,1,0,1,2024
2024-12-26,2024,12,December,4,Thursday,26,52,2024-12,2024-Q4,3,Peak,1,0,1,2024
2024-12-27,2024,12,December,4,Friday,27,52,2024-12,2024-Q4,3,Peak,1,0,1,2024
2024-12-28,2024,12,December,4,Saturday,28,52,2024-12,2024-Q4,3,Peak,1,0,1,2024
2024-12-29,2024,12,December,4,Sunday,29,52,2024-12,2024-Q4,3,Peak,1,0,1,2024
2024-12-30,2024,12,December,4,Monday,30,1,2024-12,2024-Q4,3,Peak,1,0,1,2024
2024-12-31,2024,12,December,4,Tuesday,31,1,2024-12,2024-Q4,3,Peak,1,0,1,2024
